1,2,1
1,3,1
1,5,1
1,8,1
1,9,1
1,12,1
1,14,1
1,16,1
1,18,1
1,20,1
1,21,1
1,31,1
1,34,1
1,35,1
1,39,1
1,44,1
1,56,1
1,60,1
1,62,1
1,63,1
1,92,1
1,120,1
1,158,1
1,161,1
1,325,1
1,328,1
2,3,1
2,5,1
2,6,1
2,9,1
2,14,1
2,20,1
2,35,1
2,40,1
2,46,1
2,55,1
2,59,1
2,67,1
2,101,1
2,105,1
2,143,1
2,158,1
2,183,1
2,185,1
2,238,1
2,353,1
3,5,1
3,42,1
6,3,1
6,9,1
6,59,1
6,85,1
6,93,1
9,3,1
9,5,1
9,6,1
9,9,1
9,13,1
9,15,1
9,20,1
9,27,1
9,31,1
9,32,1
9,34,1
9,35,1
9,37,1
9,39,1
9,46,1
9,47,1
9,48,1
9,49,1
9,63,1
9,66,1
9,67,1
9,68,1
9,79,1
9,101,1
9,102,1
9,103,1
9,105,1
9,107,1
9,118,1
9,119,1
9,126,1
9,132,1
9,281,1
9,362,1
11,23,1
11,46,1
12,6,1
13,3,1
13,9,1
13,352,1
14,3,1
14,5,1
14,6,1
14,9,1
14,14,1
14,16,1
14,20,1
14,28,1
14,31,1
14,40,1
14,44,1
14,46,1
14,51,1
14,56,1
14,67,1
14,91,1
14,92,1
14,105,1
14,113,1
14,116,1
14,126,1
14,143,1
14,158,1
14,186,1
15,9,1
15,40,1
15,105,1
17,4,1
17,5,1
17,6,1
17,9,1
17,20,1
17,31,1
17,32,1
17,34,1
17,48,1
17,88,1
17,102,1
17,105,1
17,282,1
17,331,1
18,42,1
19,3,1
19,5,1
19,9,1
19,35,1
19,48,1
19,64,1
20,27,1
20,40,1
20,46,1
20,91,1
20,99,1
21,3,1
21,6,1
21,9,1
21,34,1
21,183,1
21,231,1
22,9,1
22,14,1
22,32,1
22,35,1
22,212,1
22,214,1
23,3,1
23,9,1
23,64,1
23,113,1
24,3,1
24,5,1
24,9,1
24,46,1
24,105,1
25,1,1
25,3,1
25,5,1
25,6,1
25,9,1
25,23,1
25,47,1
25,57,1
25,66,1
25,67,1
25,95,1
25,132,1
25,158,1
26,183,1
27,3,1
27,9,1
27,14,1
27,18,1
27,30,1
27,46,1
27,81,1
28,5,1
28,9,1
28,12,1
28,27,1
28,31,1
28,34,1
28,35,1
28,90,1
28,115,1
28,162,1
29,1,1
29,85,1
30,40,1
31,3,1
31,9,1
31,46,1
31,105,1
32,3,1
32,9,1
32,192,1
33,3,1
33,34,1
33,58,1
34,3,1
34,4,1
34,6,1
34,9,1
34,11,1
34,13,1
34,14,1
34,16,1
34,20,1
34,33,1
34,35,1
34,40,1
34,41,1
34,42,1
34,44,1
34,50,1
34,54,1
34,64,1
34,83,1
34,91,1
34,107,1
34,142,1
34,154,1
34,158,1
34,183,1
34,277,1
34,328,1
35,3,1
35,5,1
35,6,1
35,9,1
35,23,1
35,32,1
35,35,1
35,40,1
35,48,1
35,54,1
35,62,1
35,64,1
35,66,1
35,67,1
35,76,1
35,81,1
35,102,1
35,206,1
35,279,1
36,5,1
36,9,1
36,55,1
36,67,1
37,2,1
37,3,1
37,6,1
37,9,1
37,14,1
37,18,1
37,20,1
37,31,1
37,34,1
37,35,1
37,40,1
37,41,1
37,46,1
37,50,1
37,67,1
37,121,1
37,158,1
39,67,1
40,59,1
41,2,1
41,3,1
41,5,1
41,9,1
41,32,1
41,46,1
41,59,1
41,105,1
42,5,1
42,9,1
42,35,1
42,46,1
42,56,1
42,192,1
43,2,1
43,3,1
43,4,1
43,5,1
43,6,1
43,9,1
43,14,1
43,16,1
43,20,1
43,21,1
43,23,1
43,27,1
43,28,1
43,31,1
43,34,1
43,35,1
43,40,1
43,41,1
43,43,1
43,46,1
43,48,1
43,50,1
43,51,1
43,54,1
43,56,1
43,57,1
43,61,1
43,63,1
43,65,1
43,66,1
43,67,1
43,68,1
43,77,1
43,90,1
43,91,1
43,92,1
43,100,1
43,102,1
43,105,1
43,110,1
43,115,1
43,116,1
43,124,1
43,132,1
43,154,1
43,161,1
43,169,1
43,172,1
43,173,1
43,182,1
43,183,1
43,212,1
43,214,1
43,222,1
43,223,1
43,225,1
43,240,1
43,243,1
43,248,1
43,250,1
43,255,1
44,223,1
45,9,1
46,9,1
46,31,1
46,40,1
46,60,1
46,88,1
47,1,1
47,3,1
47,5,1
47,6,1
47,9,1
47,10,1
47,14,1
47,18,1
47,27,1
47,34,1
47,35,1
47,37,1
47,41,1
47,43,1
47,44,1
47,46,1
47,50,1
47,60,1
47,63,1
47,67,1
47,77,1
47,86,1
47,105,1
47,125,1
47,183,1
47,222,1
49,3,1
50,1,1
50,2,1
50,3,1
50,4,1
50,6,1
50,8,1
50,9,1
50,14,1
50,15,1
50,20,1
50,21,1
50,28,1
50,31,1
50,34,1
50,35,1
50,40,1
50,41,1
50,42,1
50,43,1
50,46,1
50,47,1
50,50,1
50,55,1
50,59,1
50,60,1
50,62,1
50,65,1
50,67,1
50,75,1
50,105,1
50,113,1
50,159,1
50,164,1
50,220,1
50,223,1
50,287,1
51,1,1
51,2,1
51,3,1
51,4,1
51,5,1
51,6,1
51,14,1
51,16,1
51,21,1
51,34,1
51,38,1
51,40,1
51,46,1
51,50,1
51,52,1
51,56,1
51,62,1
51,67,1
51,75,1
51,91,1
51,105,1
51,109,1
51,229,1
51,364,1
52,6,1
52,46,1
52,48,1
53,5,1
53,50,1
53,105,1
54,3,1
54,32,1
54,105,1
54,166,1
55,3,1
55,5,1
55,6,1
55,9,1
55,15,1
55,20,1
55,25,1
55,31,1
55,32,1
55,34,1
55,35,1
55,40,1
55,42,1
55,46,1
55,54,1
55,67,1
55,74,1
55,85,1
55,86,1
55,91,1
55,101,1
55,110,1
55,123,1
55,167,1
55,221,1
55,235,1
55,279,1
55,333,1
56,3,1
56,5,1
56,6,1
56,9,1
56,14,1
56,20,1
56,23,1
56,31,1
56,34,1
56,35,1
56,37,1
56,40,1
56,48,1
56,55,1
56,66,1
56,67,1
56,76,1
56,81,1
56,83,1
56,85,1
56,91,1
56,92,1
56,96,1
56,101,1
56,104,1
56,105,1
56,117,1
56,138,1
56,154,1
56,161,1
56,251,1
57,6,1
57,67,1
58,348,1
59,3,1
59,6,1
59,9,1
59,11,1
59,14,1
59,16,1
59,27,1
59,32,1
59,46,1
59,48,1
59,64,1
59,66,1
59,67,1
59,68,1
59,88,1
59,89,1
59,105,1
59,132,1
59,146,1
59,183,1
60,6,1
60,9,1
60,16,1
60,27,1
60,40,1
60,53,1
60,105,1
60,117,1
60,158,1
61,3,1
61,5,1
61,9,1
61,14,1
61,44,1
61,46,1
61,58,1
61,65,1
61,105,1
61,117,1
61,157,1
62,3,1
62,6,1
62,9,1
62,14,1
62,35,1
62,40,1
62,41,1
62,46,1
62,48,1
62,67,1
62,68,1
62,91,1
62,108,1
62,127,1
62,151,1
62,158,1
62,183,1
62,360,1
63,9,1
63,46,1
64,4,1
64,20,1
64,58,1
65,50,1
65,67,1
66,9,1
66,185,1
66,196,1
66,214,1
67,6,1
67,9,1
67,14,1
67,43,1
67,46,1
67,48,1
67,56,1
67,59,1
67,63,1
67,115,1
67,124,1
67,154,1
67,241,1
67,353,1
68,31,1
70,46,1
71,2,1
71,3,1
71,5,1
71,6,1
71,9,1
71,27,1
71,31,1
71,32,1
71,46,1
71,66,1
71,67,1
71,81,1
71,93,1
71,105,1
71,132,1
71,133,1
71,161,1
71,162,1
71,223,1
72,3,1
72,5,1
72,6,1
72,9,1
72,23,1
72,48,1
72,49,1
72,81,1
72,113,1
72,233,1
74,9,1
74,35,1
74,52,1
74,115,1
74,351,1
75,207,1
76,3,1
76,5,1
76,9,1
76,35,1
76,49,1
76,67,1
76,101,1
76,161,1
76,174,1
77,1,1
77,6,1
77,9,1
77,12,1
77,13,1
77,32,1
77,35,1
77,43,1
77,48,1
77,50,1
77,55,1
77,59,1
77,91,1
77,93,1
77,101,1
77,145,1
77,184,1
78,3,1
78,22,1
78,34,1
78,80,1
79,9,1
79,23,1
79,37,1
79,223,1
80,3,1
80,5,1
81,6,1
82,91,1
83,1,1
83,3,1
83,5,1
83,6,1
83,8,1
83,9,1
83,11,1
83,12,1
83,14,1
83,20,1
83,27,1
83,31,1
83,32,1
83,34,1
83,35,1
83,39,1
83,40,1
83,46,1
83,47,1
83,54,1
83,64,1
83,84,1
83,85,1
83,101,1
83,105,1
83,117,1
83,119,1
83,121,1
83,143,1
83,157,1
83,158,1
83,161,1
83,165,1
83,171,1
83,172,1
83,179,1
83,182,1
83,185,1
83,188,1
83,199,1
83,211,1
83,222,1
83,223,1
83,259,1
83,277,1
83,304,1
83,330,1
83,337,1
87,20,1
87,50,1
87,235,1
88,9,1
88,85,1
90,4,1
90,6,1
90,14,1
90,20,1
90,32,1
90,35,1
90,46,1
90,64,1
90,67,1
90,77,1
90,91,1
90,105,1
90,111,1
91,2,1
91,3,1
91,5,1
91,6,1
91,9,1
91,14,1
91,16,1
91,20,1
91,31,1
91,34,1
91,35,1
91,50,1
91,55,1
91,67,1
91,77,1
91,86,1
91,92,1
91,105,1
91,121,1
91,126,1
91,228,1
92,212,1
93,3,1
93,235,1
95,3,1
95,102,1
95,126,1
97,105,1
98,47,1
99,28,1
100,9,1
100,20,1
100,31,1
100,35,1
100,48,1
100,67,1
101,9,1
101,23,1
102,3,1
102,6,1
102,10,1
102,14,1
102,31,1
102,32,1
102,35,1
102,41,1
102,46,1
102,48,1
102,64,1
102,65,1
102,67,1
102,68,1
102,114,1
102,142,1
102,158,1
102,178,1
102,187,1
102,234,1
103,277,1
103,351,1
104,6,1
104,50,1
105,115,1
106,212,1
107,2,1
107,5,1
107,14,1
107,47,1
107,64,1
108,16,1
108,41,1
109,1,1
109,2,1
109,3,1
109,4,1
109,6,1
109,9,1
109,10,1
109,11,1
109,14,1
109,31,1
109,34,1
109,38,1
109,40,1
109,43,1
109,46,1
109,47,1
109,50,1
109,55,1
109,56,1
109,67,1
109,92,1
109,102,1
109,105,1
109,107,1
109,112,1
109,113,1
109,125,1
109,150,1
109,154,1
109,158,1
109,166,1
109,223,1
109,232,1
109,281,1
109,330,1
109,340,1
110,3,1
110,5,1
110,20,1
110,68,1
110,202,1
111,3,1
111,6,1
111,9,1
111,20,1
111,46,1
112,14,1
112,31,1
113,3,1
113,5,1
113,6,1
113,9,1
113,16,1
113,18,1
113,20,1
113,31,1
113,34,1
113,35,1
113,39,1
113,40,1
113,41,1
113,47,1
113,48,1
113,59,1
113,68,1
113,91,1
113,107,1
113,210,1
113,366,1
114,1,1
114,2,1
114,3,1
114,4,1
114,5,1
114,6,1
114,9,1
114,12,1
114,13,1
114,14,1
114,16,1
114,18,1
114,31,1
114,32,1
114,33,1
114,34,1
114,35,1
114,40,1
114,41,1
114,42,1
114,44,1
114,46,1
114,47,1
114,48,1
114,50,1
114,55,1
114,60,1
114,64,1
114,66,1
114,67,1
114,88,1
114,93,1
114,105,1
114,106,1
114,107,1
114,124,1
114,125,1
114,142,1
114,146,1
114,150,1
114,154,1
114,158,1
114,183,1
114,210,1
114,211,1
114,212,1
114,225,1
114,235,1
114,253,1
114,284,1
114,370,1
115,2,1
115,3,1
115,5,1
115,6,1
115,9,1
115,10,1
115,14,1
115,18,1
115,20,1
115,23,1
115,24,1
115,27,1
115,28,1
115,31,1
115,32,1
115,35,1
115,40,1
115,43,1
115,45,1
115,46,1
115,48,1
115,49,1
115,51,1
115,52,1
115,54,1
115,58,1
115,59,1
115,63,1
115,66,1
115,67,1
115,80,1
115,83,1
115,87,1
115,105,1
115,110,1
115,115,1
115,116,1
115,123,1
115,126,1
115,130,1
115,135,1
115,139,1
115,158,1
115,164,1
115,165,1
115,173,1
115,183,1
115,185,1
115,255,1
115,310,1
115,329,1
115,330,1
115,337,1
115,346,1
116,93,1
118,67,1
118,288,1
119,1,1
119,2,1
119,3,1
119,4,1
119,5,1
119,6,1
119,7,1
119,8,1
119,9,1
119,12,1
119,13,1
119,16,1
119,20,1
119,21,1
119,28,1
119,31,1
119,32,1
119,34,1
119,37,1
119,40,1
119,41,1
119,46,1
119,47,1
119,48,1
119,50,1
119,55,1
119,56,1
119,57,1
119,58,1
119,60,1
119,67,1
119,77,1
119,78,1
119,81,1
119,89,1
119,91,1
119,101,1
119,105,1
119,108,1
119,110,1
119,116,1
119,125,1
119,130,1
119,132,1
119,145,1
119,150,1
119,161,1
119,172,1
119,178,1
119,183,1
119,196,1
119,203,1
119,206,1
119,208,1
119,210,1
119,214,1
119,222,1
119,223,1
119,241,1
119,287,1
119,290,1
119,292,1
120,46,1
120,64,1
121,2,1
121,3,1
121,4,1
121,5,1
121,6,1
121,7,1
121,9,1
121,11,1
121,12,1
121,14,1
121,16,1
121,19,1
121,20,1
121,23,1
121,25,1
121,27,1
121,31,1
121,32,1
121,34,1
121,35,1
121,39,1
121,40,1
121,41,1
121,42,1
121,46,1
121,47,1
121,48,1
121,50,1
121,51,1
121,56,1
121,58,1
121,60,1
121,62,1
121,64,1
121,65,1
121,67,1
121,75,1
121,81,1
121,83,1
121,86,1
121,92,1
121,93,1
121,100,1
121,102,1
121,105,1
121,107,1
121,111,1
121,114,1
121,115,1
121,121,1
121,126,1
121,127,1
121,138,1
121,150,1
121,161,1
121,164,1
121,173,1
121,174,1
121,203,1
121,216,1
121,236,1
121,294,1
121,318,1
121,330,1
122,3,1
122,6,1
122,14,1
122,27,1
122,31,1
122,35,1
122,40,1
122,50,1
122,67,1
122,85,1
122,91,1
122,105,1
122,139,1
122,142,1
122,162,1
122,187,1
122,356,1
124,3,1
124,5,1
124,6,1
124,9,1
124,14,1
124,31,1
124,32,1
124,34,1
124,35,1
124,37,1
124,41,1
124,46,1
124,49,1
124,54,1
124,55,1
124,56,1
124,58,1
124,59,1
124,64,1
124,65,1
124,66,1
124,67,1
124,68,1
124,77,1
124,88,1
124,94,1
124,105,1
124,115,1
124,124,1
124,126,1
124,132,1
124,136,1
124,146,1
124,164,1
124,210,1
124,279,1
124,335,1
124,342,1
125,3,1
125,14,1
125,43,1
125,58,1
125,109,1
125,158,1
126,3,1
126,5,1
126,6,1
126,9,1
126,12,1
126,14,1
126,30,1
126,31,1
126,34,1
126,46,1
126,47,1
126,74,1
126,77,1
126,92,1
126,101,1
126,103,1
126,115,1
127,3,1
127,5,1
127,6,1
127,9,1
127,11,1
127,14,1
127,16,1
127,18,1
127,20,1
127,31,1
127,37,1
127,40,1
127,46,1
127,50,1
127,54,1
127,55,1
127,61,1
127,62,1
127,64,1
127,67,1
127,85,1
127,86,1
127,123,1
127,125,1
127,132,1
127,161,1
127,205,1
127,222,1
127,233,1
128,34,1
129,3,1
130,6,1
130,16,1
130,22,1
130,46,1
130,48,1
130,52,1
130,109,1
130,183,1
130,241,1
131,3,1
131,6,1
131,14,1
131,113,1
131,341,1
132,3,1
132,9,1
132,14,1
132,28,1
133,3,1
133,6,1
133,9,1
133,40,1
133,43,1
133,58,1
133,60,1
133,67,1
133,105,1
133,115,1
133,119,1
133,142,1
133,155,1
134,6,1
134,48,1
134,52,1
134,81,1
134,226,1
135,2,1
135,3,1
135,5,1
135,6,1
135,9,1
135,11,1
135,14,1
135,16,1
135,20,1
135,27,1
135,40,1
135,41,1
135,46,1
135,48,1
135,50,1
135,66,1
135,67,1
135,76,1
135,93,1
135,105,1
135,128,1
135,132,1
135,158,1
135,161,1
135,346,1
137,1,1
137,3,1
137,5,1
137,9,1
137,16,1
137,17,1
137,21,1
137,34,1
137,35,1
137,37,1
137,38,1
137,40,1
137,47,1
137,48,1
137,57,1
137,68,1
137,97,1
137,105,1
137,110,1
137,151,1
137,158,1
137,183,1
137,218,1
137,235,1
137,345,1
138,105,1
139,3,1
139,4,1
139,5,1
139,6,1
139,9,1
139,12,1
139,23,1
139,27,1
139,31,1
139,48,1
139,67,1
139,76,1
139,101,1
139,121,1
139,135,1
139,235,1
140,2,1
140,3,1
140,4,1
140,5,1
140,6,1
140,7,1
140,9,1
140,11,1
140,12,1
140,14,1
140,16,1
140,17,1
140,20,1
140,25,1
140,27,1
140,28,1
140,31,1
140,32,1
140,34,1
140,35,1
140,36,1
140,37,1
140,38,1
140,40,1
140,41,1
140,43,1
140,44,1
140,46,1
140,48,1
140,49,1
140,50,1
140,54,1
140,56,1
140,58,1
140,59,1
140,62,1
140,63,1
140,64,1
140,65,1
140,66,1
140,67,1
140,68,1
140,77,1
140,86,1
140,87,1
140,88,1
140,91,1
140,93,1
140,95,1
140,105,1
140,111,1
140,115,1
140,118,1
140,119,1
140,126,1
140,127,1
140,130,1
140,132,1
140,139,1
140,145,1
140,150,1
140,158,1
140,161,1
140,164,1
140,165,1
140,172,1
140,176,1
140,180,1
140,185,1
140,197,1
140,219,1
140,224,1
140,243,1
140,252,1
140,258,1
140,274,1
140,279,1
140,330,1
140,337,1
140,372,1
141,3,1
141,6,1
141,126,1
142,2,1
142,3,1
142,6,1
142,9,1
142,10,1
142,11,1
142,13,1
142,16,1
142,19,1
142,20,1
142,29,1
142,31,1
142,34,1
142,35,1
142,37,1
142,40,1
142,41,1
142,46,1
142,49,1
142,60,1
142,65,1
142,66,1
142,67,1
142,71,1
142,72,1
142,85,1
142,92,1
142,95,1
142,105,1
142,132,1
142,161,1
142,183,1
142,256,1
143,3,1
143,9,1
144,6,1
144,9,1
144,14,1
144,32,1
144,34,1
144,40,1
144,46,1
144,55,1
145,9,1
145,46,1
146,5,1
146,6,1
146,9,1
146,36,1
146,46,1
146,48,1
146,64,1
147,6,1
148,1,1
148,2,1
148,3,1
148,5,1
148,6,1
148,9,1
148,11,1
148,12,1
148,13,1
148,14,1
148,16,1
148,17,1
148,20,1
148,21,1
148,27,1
148,28,1
148,31,1
148,32,1
148,34,1
148,35,1
148,40,1
148,41,1
148,46,1
148,49,1
148,53,1
148,54,1
148,56,1
148,58,1
148,59,1
148,63,1
148,64,1
148,68,1
148,88,1
148,91,1
148,101,1
148,105,1
148,112,1
148,115,1
148,123,1
148,127,1
148,157,1
148,158,1
148,161,1
148,222,1
148,247,1
148,263,1
148,330,1
149,6,1
149,9,1
149,31,1
149,67,1
150,35,1
150,40,1
150,56,1
150,192,1
151,2,1
151,3,1
151,5,1
151,16,1
151,31,1
151,34,1
151,37,1
151,43,1
151,75,1
151,241,1
152,5,1
152,6,1
152,9,1
152,11,1
152,16,1
152,20,1
152,40,1
152,46,1
152,53,1
152,64,1
152,67,1
152,241,1
152,346,1
153,2,1
153,3,1
153,5,1
153,6,1
153,9,1
153,11,1
153,14,1
153,20,1
153,23,1
153,29,1
153,31,1
153,32,1
153,35,1
153,44,1
153,46,1
153,48,1
153,55,1
153,59,1
153,123,1
153,126,1
153,136,1
153,214,1
153,315,1
153,329,1
154,6,1
154,9,1
155,352,1
156,46,1
158,3,1
158,6,1
158,9,1
158,35,1
158,56,1
158,63,1
158,151,1
158,192,1
159,4,1
159,5,1
159,9,1
159,50,1
159,67,1
159,76,1
159,113,1
159,162,1
160,1,1
160,2,1
160,3,1
160,5,1
160,9,1
160,13,1
160,14,1
160,16,1
160,24,1
160,27,1
160,31,1
160,34,1
160,35,1
160,38,1
160,40,1
160,45,1
160,46,1
160,47,1
160,50,1
160,51,1
160,54,1
160,55,1
160,58,1
160,59,1
160,60,1
160,83,1
160,84,1
160,88,1
160,89,1
160,95,1
160,105,1
160,157,1
160,172,1
160,177,1
160,238,1
160,329,1
161,5,1
161,6,1
161,183,1
162,6,1
163,20,1
163,50,1
163,235,1
164,2,1
164,3,1
164,5,1
164,6,1
164,9,1
164,11,1
164,16,1
164,22,1
164,27,1
164,31,1
164,35,1
164,40,1
164,46,1
164,49,1
164,50,1
164,54,1
164,65,1
164,67,1
164,105,1
164,124,1
164,126,1
164,161,1
164,162,1
164,191,1
165,1,1
165,2,1
165,3,1
165,4,1
165,5,1
165,6,1
165,7,1
165,9,1
165,12,1
165,14,1
165,16,1
165,17,1
165,20,1
165,25,1
165,27,1
165,28,1
165,31,1
165,32,1
165,35,1
165,40,1
165,43,1
165,46,1
165,47,1
165,48,1
165,54,1
165,55,1
165,56,1
165,60,1
165,64,1
165,65,1
165,67,1
165,68,1
165,75,1
165,79,1
165,85,1
165,88,1
165,89,1
165,91,1
165,95,1
165,97,1
165,101,1
165,102,1
165,105,1
165,106,1
165,109,1
165,115,1
165,125,1
165,127,1
165,132,1
165,139,1
165,143,1
165,150,1
165,154,1
165,158,1
165,161,1
165,185,1
165,196,1
165,232,1
165,254,1
165,306,1
167,6,1
167,23,1
168,46,1
169,206,1
170,3,1
171,1,1
171,2,1
171,3,1
171,5,1
171,6,1
171,9,1
171,11,1
171,12,1
171,14,1
171,20,1
171,21,1
171,27,1
171,31,1
171,32,1
171,34,1
171,35,1
171,37,1
171,40,1
171,41,1
171,46,1
171,47,1
171,54,1
171,55,1
171,58,1
171,59,1
171,62,1
171,63,1
171,65,1
171,66,1
171,67,1
171,68,1
171,88,1
171,92,1
171,103,1
171,105,1
171,117,1
171,123,1
171,125,1
171,130,1
171,145,1
171,149,1
171,156,1
171,161,1
171,167,1
171,177,1
171,179,1
171,183,1
171,190,1
171,212,1
171,231,1
171,247,1
171,268,1
171,342,1
173,2,1
173,3,1
173,5,1
173,6,1
173,8,1
173,9,1
173,12,1
173,14,1
173,16,1
173,18,1
173,19,1
173,20,1
173,21,1
173,31,1
173,34,1
173,35,1
173,39,1
173,40,1
173,46,1
173,56,1
173,60,1
173,64,1
173,92,1
173,98,1
173,101,1
173,104,1
173,111,1
173,115,1
173,120,1
173,124,1
173,156,1
173,161,1
173,325,1
174,2,1
174,3,1
174,5,1
174,9,1
174,14,1
174,17,1
174,20,1
174,23,1
174,41,1
174,58,1
174,94,1
174,115,1
174,143,1
175,2,1
175,3,1
175,5,1
175,6,1
175,9,1
175,11,1
175,18,1
175,20,1
175,31,1
175,34,1
175,35,1
175,40,1
175,41,1
175,46,1
175,50,1
175,67,1
175,158,1
176,233,1
178,5,1
178,23,1
178,31,1
178,264,1
179,3,1
179,4,1
179,6,1
179,9,1
179,15,1
179,20,1
179,21,1
179,31,1
179,46,1
179,50,1
179,88,1
179,92,1
179,102,1
179,157,1
179,165,1
179,223,1
179,235,1
179,247,1
180,41,1
181,3,1
182,2,1
182,23,1
183,34,1
184,20,1
184,50,1
184,235,1
185,123,1
186,1,1
186,3,1
186,4,1
186,5,1
186,6,1
186,7,1
186,9,1
186,10,1
186,13,1
186,16,1
186,21,1
186,31,1
186,38,1
186,40,1
186,41,1
186,46,1
186,50,1
186,55,1
186,63,1
186,64,1
186,67,1
186,88,1
186,105,1
186,107,1
186,132,1
186,161,1
186,172,1
186,241,1
186,297,1
187,23,1
187,76,1
188,3,1
188,5,1
188,6,1
188,9,1
188,11,1
188,14,1
188,16,1
188,20,1
188,22,1
188,31,1
188,32,1
188,34,1
188,37,1
188,40,1
188,46,1
188,47,1
188,48,1
188,57,1
188,59,1
188,67,1
188,86,1
188,100,1
188,115,1
188,151,1
188,183,1
188,214,1
188,312,1
188,337,1
188,347,1
189,3,1
189,6,1
189,9,1
189,14,1
189,31,1
189,32,1
189,35,1
189,40,1
189,41,1
189,44,1
189,46,1
189,50,1
189,57,1
189,65,1
189,67,1
189,109,1
189,145,1
189,210,1
189,213,1
189,223,1
189,241,1
190,6,1
190,9,1
190,223,1
191,46,1
191,49,1
191,59,1
191,91,1
191,105,1
191,139,1
191,209,1
192,34,1
194,3,1
197,9,1
197,14,1
197,27,1
197,31,1
197,35,1
197,105,1
197,183,1
197,330,1
199,113,1
200,2,1
200,3,1
200,5,1
200,6,1
200,9,1
200,14,1
200,34,1
200,46,1
200,48,1
200,77,1
200,113,1
201,353,1
202,111,1
202,155,1
202,352,1
203,9,1
203,16,1
203,64,1
203,358,1
204,3,1
204,6,1
204,9,1
204,16,1
204,31,1
204,34,1
204,35,1
204,46,1
204,86,1
204,91,1
204,143,1
204,166,1
204,183,1
204,212,1
204,260,1
204,319,1
205,3,1
205,32,1
205,67,1
205,93,1
207,3,1
207,5,1
207,6,1
207,9,1
207,14,1
207,16,1
207,31,1
207,46,1
207,67,1
207,105,1
207,171,1
207,183,1
207,222,1
207,235,1
207,352,1
208,9,1
208,143,1
208,183,1
208,337,1
209,2,1
209,5,1
209,6,1
209,9,1
209,14,1
209,16,1
209,31,1
209,34,1
209,35,1
209,40,1
209,46,1
209,47,1
209,138,1
209,259,1
209,277,1
210,105,1
211,2,1
211,3,1
211,5,1
211,9,1
211,31,1
211,50,1
211,330,1
212,1,1
212,3,1
212,4,1
212,5,1
212,6,1
212,7,1
212,8,1
212,9,1
212,10,1
212,12,1
212,14,1
212,16,1
212,20,1
212,27,1
212,31,1
212,34,1
212,35,1
212,38,1
212,40,1
212,41,1
212,46,1
212,47,1
212,48,1
212,49,1
212,54,1
212,55,1
212,56,1
212,58,1
212,59,1
212,64,1
212,65,1
212,66,1
212,67,1
212,68,1
212,69,1
212,75,1
212,83,1
212,85,1
212,86,1
212,89,1
212,92,1
212,101,1
212,103,1
212,105,1
212,107,1
212,115,1
212,116,1
212,117,1
212,119,1
212,123,1
212,132,1
212,143,1
212,146,1
212,161,1
212,167,1
212,182,1
212,224,1
212,241,1
212,253,1
212,261,1
212,320,1
216,212,1
217,9,1
218,3,1
218,6,1
218,9,1
218,14,1
218,16,1
218,32,1
218,46,1
218,47,1
218,59,1
218,105,1
218,158,1
218,182,1
218,213,1
218,241,1
219,81,1
220,2,1
220,3,1
220,5,1
220,6,1
220,9,1
220,11,1
220,14,1
220,19,1
220,20,1
220,29,1
220,30,1
220,31,1
220,32,1
220,34,1
220,37,1
220,40,1
220,41,1
220,43,1
220,46,1
220,48,1
220,50,1
220,56,1
220,62,1
220,66,1
220,67,1
220,68,1
220,81,1
220,86,1
220,88,1
220,89,1
220,92,1
220,100,1
220,105,1
220,115,1
220,139,1
220,143,1
220,145,1
220,155,1
220,182,1
220,185,1
220,188,1
220,212,1
220,216,1
220,228,1
220,238,1
220,264,1
220,330,1
220,337,1
220,363,1
220,365,1
221,2,1
221,3,1
221,5,1
221,9,1
221,14,1
221,34,1
221,38,1
221,40,1
221,47,1
221,58,1
221,67,1
221,183,1
222,3,1
222,5,1
222,6,1
222,9,1
222,14,1
222,20,1
222,23,1
222,27,1
222,31,1
222,34,1
222,35,1
222,40,1
222,46,1
222,54,1
222,59,1
222,64,1
222,67,1
222,96,1
222,105,1
222,110,1
222,153,1
222,160,1
223,2,1
223,3,1
223,5,1
223,6,1
223,9,1
223,11,1
223,14,1
223,20,1
223,29,1
223,31,1
223,34,1
223,46,1
223,48,1
223,50,1
223,56,1
223,58,1
223,59,1
223,67,1
223,68,1
223,77,1
223,91,1
223,92,1
223,98,1
223,101,1
223,105,1
223,115,1
223,117,1
223,121,1
223,132,1
223,142,1
223,182,1
223,183,1
223,185,1
223,188,1
223,197,1
223,212,1
223,228,1
223,264,1
223,337,1
223,350,1
223,363,1
223,365,1
224,1,1
224,2,1
224,3,1
224,4,1
224,5,1
224,6,1
224,9,1
224,11,1
224,14,1
224,27,1
224,28,1
224,29,1
224,31,1
224,34,1
224,37,1
224,39,1
224,40,1
224,41,1
224,44,1
224,46,1
224,47,1
224,48,1
224,49,1
224,50,1
224,54,1
224,56,1
224,58,1
224,60,1
224,62,1
224,64,1
224,67,1
224,83,1
224,84,1
224,85,1
224,86,1
224,91,1
224,92,1
224,102,1
224,115,1
224,119,1
224,125,1
224,127,1
224,129,1
224,135,1
224,143,1
224,146,1
224,158,1
224,161,1
224,165,1
224,203,1
224,212,1
224,216,1
224,217,1
224,221,1
224,223,1
224,228,1
224,233,1
224,337,1
225,3,1
225,31,1
225,40,1
225,223,1
226,62,1
227,3,1
227,9,1
227,46,1
227,49,1
227,85,1
227,86,1
227,98,1
227,105,1
227,183,1
228,2,1
228,3,1
228,5,1
228,6,1
228,9,1
228,11,1
228,14,1
228,16,1
228,17,1
228,31,1
228,32,1
228,34,1
228,38,1
228,40,1
228,46,1
228,47,1
228,56,1
228,58,1
228,62,1
228,65,1
228,68,1
228,105,1
228,115,1
228,124,1
228,130,1
228,255,1
229,233,1
229,235,1
230,3,1
230,6,1
230,9,1
230,35,1
230,41,1
230,46,1
230,48,1
230,56,1
230,103,1
230,192,1
230,258,1
230,351,1
231,2,1
231,3,1
231,5,1
231,6,1
231,9,1
231,11,1
231,12,1
231,13,1
231,14,1
231,16,1
231,20,1
231,31,1
231,34,1
231,40,1
231,41,1
231,46,1
231,48,1
231,50,1
231,64,1
231,67,1
231,68,1
231,87,1
231,88,1
231,93,1
231,105,1
231,108,1
231,115,1
231,124,1
231,143,1
231,158,1
231,175,1
231,231,1
232,3,1
232,128,1
233,2,1
233,3,1
233,5,1
233,6,1
233,8,1
233,9,1
233,12,1
233,14,1
233,15,1
233,19,1
233,20,1
233,31,1
233,32,1
233,34,1
233,35,1
233,37,1
233,40,1
233,46,1
233,47,1
233,48,1
233,55,1
233,58,1
233,59,1
233,60,1
233,65,1
233,76,1
233,86,1
233,88,1
233,91,1
233,101,1
233,102,1
233,103,1
233,105,1
233,111,1
233,115,1
233,121,1
233,139,1
233,145,1
233,151,1
233,164,1
233,168,1
233,206,1
233,223,1
233,241,1
233,253,1
234,6,1
237,9,1
237,35,1
237,46,1
237,174,1
237,193,1
238,27,1
239,2,1
239,3,1
239,5,1
239,6,1
239,8,1
239,9,1
239,11,1
239,12,1
239,14,1
239,16,1
239,18,1
239,19,1
239,20,1
239,21,1
239,23,1
239,27,1
239,31,1
239,34,1
239,35,1
239,39,1
239,46,1
239,48,1
239,49,1
239,55,1
239,56,1
239,60,1
239,62,1
239,92,1
239,108,1
239,119,1
239,120,1
239,146,1
239,161,1
239,325,1
240,3,1
240,6,1
240,14,1
240,115,1
241,12,1
244,14,1
244,105,1
245,3,1
245,5,1
245,34,1
245,35,1
245,56,1
245,192,1
245,351,1
246,40,1
247,41,1
248,3,1
248,6,1
248,9,1
248,46,1
248,52,1
248,65,1
248,105,1
248,192,1
248,359,1
249,161,1
250,3,1
250,5,1
250,9,1
250,10,1
250,14,1
250,18,1
250,20,1
250,23,1
250,40,1
250,41,1
250,46,1
250,48,1
250,67,1
250,80,1
250,105,1
250,110,1
250,123,1
250,124,1
250,155,1
250,171,1
250,196,1
250,221,1
250,339,1
251,1,1
251,3,1
251,5,1
251,9,1
251,14,1
251,32,1
251,34,1
251,35,1
251,40,1
251,43,1
251,46,1
251,47,1
251,49,1
251,50,1
251,51,1
251,86,1
251,89,1
251,105,1
251,140,1
251,161,1
251,183,1
252,2,1
252,3,1
252,4,1
252,5,1
252,6,1
252,9,1
252,20,1
252,29,1
252,31,1
252,34,1
252,46,1
252,48,1
252,58,1
252,62,1
252,67,1
252,82,1
252,103,1
252,105,1
252,112,1
252,119,1
252,120,1
252,217,1
252,223,1
252,228,1
252,255,1
252,364,1
253,3,1
253,9,1
254,2,1
254,9,1
254,31,1
254,32,1
254,47,1
254,91,1
254,161,1
255,5,1
255,9,1
256,9,1
256,14,1
256,67,1
257,1,1
257,3,1
257,4,1
257,5,1
257,6,1
257,9,1
257,14,1
257,16,1
257,20,1
257,22,1
257,27,1
257,30,1
257,31,1
257,32,1
257,34,1
257,35,1
257,40,1
257,41,1
257,46,1
257,47,1
257,48,1
257,54,1
257,58,1
257,59,1
257,60,1
257,63,1
257,66,1
257,67,1
257,68,1
257,93,1
257,101,1
257,103,1
257,105,1
257,107,1
257,115,1
257,123,1
257,125,1
257,126,1
257,130,1
257,132,1
257,161,1
257,173,1
257,254,1
257,272,1
258,3,1
259,3,1
259,5,1
259,6,1
259,9,1
259,14,1
259,16,1
259,27,1
259,31,1
259,32,1
259,35,1
259,37,1
259,39,1
259,41,1
259,46,1
259,49,1
259,55,1
259,58,1
259,59,1
259,60,1
259,62,1
259,64,1
259,67,1
259,86,1
259,89,1
259,93,1
259,105,1
259,124,1
259,126,1
259,136,1
259,139,1
259,150,1
259,153,1
259,158,1
259,161,1
259,165,1
259,183,1
259,186,1
259,237,1
260,40,1
260,119,1
261,3,1
261,5,1
261,6,1
261,7,1
261,9,1
261,14,1
261,15,1
261,16,1
261,19,1
261,20,1
261,27,1
261,28,1
261,29,1
261,31,1
261,32,1
261,34,1
261,35,1
261,38,1
261,40,1
261,44,1
261,46,1
261,50,1
261,54,1
261,55,1
261,59,1
261,65,1
261,67,1
261,75,1
261,81,1
261,92,1
261,101,1
261,105,1
261,115,1
261,123,1
261,127,1
261,158,1
261,161,1
261,162,1
261,182,1
261,183,1
261,190,1
261,230,1
261,235,1
261,246,1
261,335,1
261,342,1
261,365,1
262,3,1
262,5,1
262,8,1
262,9,1
262,12,1
262,14,1
262,20,1
262,35,1
262,40,1
262,46,1
262,67,1
262,77,1
262,105,1
262,109,1
263,40,1
263,121,1
264,2,1
264,66,1
264,126,1
264,144,1
264,230,1
264,352,1
266,6,1
267,9,1
267,20,1
267,88,1
267,341,1
268,6,1
269,1,1
269,2,1
269,3,1
269,4,1
269,5,1
269,6,1
269,7,1
269,9,1
269,11,1
269,12,1
269,13,1
269,14,1
269,16,1
269,18,1
269,20,1
269,21,1
269,22,1
269,23,1
269,27,1
269,28,1
269,30,1
269,31,1
269,32,1
269,34,1
269,35,1
269,37,1
269,38,1
269,40,1
269,41,1
269,43,1
269,46,1
269,47,1
269,48,1
269,49,1
269,50,1
269,51,1
269,53,1
269,54,1
269,55,1
269,57,1
269,58,1
269,61,1
269,62,1
269,63,1
269,64,1
269,65,1
269,66,1
269,68,1
269,75,1
269,76,1
269,78,1
269,81,1
269,83,1
269,85,1
269,86,1
269,88,1
269,89,1
269,91,1
269,92,1
269,95,1
269,101,1
269,102,1
269,107,1
269,108,1
269,109,1
269,110,1
269,112,1
269,115,1
269,119,1
269,120,1
269,121,1
269,122,1
269,124,1
269,126,1
269,130,1
269,132,1
269,134,1
269,139,1
269,143,1
269,145,1
269,146,1
269,156,1
269,158,1
269,161,1
269,163,1
269,164,1
269,166,1
269,175,1
269,187,1
269,192,1
269,194,1
269,198,1
269,199,1
269,200,1
269,201,1
269,205,1
269,206,1
269,208,1
269,215,1
269,222,1
269,235,1
269,236,1
269,239,1
269,244,1
269,246,1
269,253,1
269,266,1
269,272,1
269,274,1
269,281,1
269,307,1
269,335,1
269,347,1
270,31,1
272,5,1
273,3,1
273,9,1
273,31,1
273,35,1
273,46,1
273,56,1
273,67,1
273,81,1
273,93,1
273,125,1
273,283,1
274,2,1
274,3,1
274,4,1
274,6,1
274,9,1
274,16,1
274,20,1
274,21,1
274,31,1
274,35,1
274,36,1
274,37,1
274,43,1
274,46,1
274,48,1
274,49,1
274,50,1
274,54,1
274,55,1
274,56,1
274,67,1
274,85,1
274,96,1
274,109,1
274,124,1
274,143,1
274,156,1
274,161,1
274,183,1
274,208,1
274,221,1
274,335,1
274,347,1
275,3,1
275,4,1
275,6,1
275,9,1
275,13,1
275,14,1
275,16,1
275,17,1
275,20,1
275,31,1
275,32,1
275,34,1
275,40,1
275,41,1
275,46,1
275,47,1
275,48,1
275,50,1
275,51,1
275,66,1
275,67,1
275,83,1
275,92,1
275,102,1
275,125,1
275,126,1
275,144,1
275,158,1
275,161,1
275,223,1
276,2,1
276,3,1
276,5,1
276,9,1
276,20,1
276,23,1
276,31,1
276,35,1
276,56,1
278,3,1
278,4,1
278,5,1
278,9,1
278,10,1
278,16,1
278,24,1
278,27,1
278,34,1
278,40,1
278,45,1
278,46,1
278,47,1
278,48,1
278,50,1
278,56,1
278,59,1
278,67,1
278,76,1
278,93,1
278,126,1
278,143,1
278,158,1
278,164,1
278,178,1
278,183,1
278,217,1
278,223,1
279,3,1
279,21,1
279,72,1
280,2,1
280,3,1
280,5,1
280,6,1
280,9,1
280,14,1
280,15,1
280,16,1
280,20,1
280,27,1
280,32,1
280,34,1
280,35,1
280,46,1
280,58,1
280,67,1
280,101,1
280,254,1
281,1,1
281,2,1
281,3,1
281,4,1
281,5,1
281,6,1
281,9,1
281,10,1
281,11,1
281,13,1
281,14,1
281,15,1
281,16,1
281,20,1
281,23,1
281,26,1
281,27,1
281,28,1
281,31,1
281,32,1
281,33,1
281,34,1
281,35,1
281,39,1
281,41,1
281,42,1
281,46,1
281,48,1
281,49,1
281,54,1
281,55,1
281,56,1
281,57,1
281,58,1
281,61,1
281,63,1
281,66,1
281,67,1
281,68,1
281,69,1
281,76,1
281,80,1
281,81,1
281,83,1
281,90,1
281,91,1
281,93,1
281,102,1
281,104,1
281,105,1
281,112,1
281,117,1
281,124,1
281,125,1
281,126,1
281,132,1
281,143,1
281,145,1
281,154,1
281,160,1
281,161,1
281,164,1
281,165,1
281,177,1
281,221,1
281,222,1
281,224,1
281,252,1
281,272,1
281,294,1
281,313,1
281,316,1
281,326,1
282,9,1
282,31,1
282,49,1
282,59,1
284,1,1
284,2,1
284,3,1
284,4,1
284,6,1
284,9,1
284,14,1
284,16,1
284,27,1
284,28,1
284,32,1
284,34,1
284,40,1
284,46,1
284,48,1
284,55,1
284,60,1
284,66,1
284,67,1
284,71,1
284,75,1
284,88,1
284,102,1
284,105,1
284,107,1
284,130,1
284,136,1
284,146,1
284,161,1
284,328,1
285,3,1
285,5,1
285,6,1
285,9,1
285,14,1
285,20,1
285,23,1
285,27,1
285,31,1
285,32,1
285,34,1
285,38,1
285,40,1
285,46,1
285,50,1
285,54,1
285,55,1
285,56,1
285,62,1
285,88,1
285,91,1
285,92,1
285,100,1
285,102,1
285,166,1
285,183,1
285,296,1
286,2,1
286,3,1
286,6,1
286,9,1
286,14,1
286,20,1
286,46,1
286,91,1
286,103,1
287,9,1
287,23,1
287,31,1
287,49,1
287,67,1
287,90,1
287,121,1
288,6,1
288,40,1
288,85,1
288,93,1
288,98,1
288,183,1
289,34,1
289,40,1
289,105,1
289,266,1
290,1,1
290,3,1
290,4,1
290,5,1
290,53,1
290,54,1
290,55,1
290,255,1
291,3,1
291,6,1
291,9,1
291,10,1
291,34,1
291,40,1
291,47,1
291,49,1
291,143,1
292,1,1
292,6,1
292,9,1
292,14,1
292,31,1
292,37,1
292,47,1
292,62,1
292,66,1
292,101,1
293,108,1
293,126,1
294,6,1
294,9,1
294,183,1
294,335,1
295,1,1
295,2,1
295,3,1
295,4,1
295,5,1
295,6,1
295,9,1
295,11,1
295,12,1
295,14,1
295,15,1
295,16,1
295,17,1
295,20,1
295,21,1
295,26,1
295,27,1
295,29,1
295,31,1
295,32,1
295,34,1
295,35,1
295,37,1
295,38,1
295,39,1
295,40,1
295,41,1
295,46,1
295,49,1
295,50,1
295,55,1
295,56,1
295,59,1
295,60,1
295,63,1
295,64,1
295,66,1
295,67,1
295,68,1
295,70,1
295,73,1
295,76,1
295,81,1
295,86,1
295,88,1
295,93,1
295,101,1
295,104,1
295,105,1
295,110,1
295,114,1
295,115,1
295,124,1
295,125,1
295,143,1
295,151,1
295,158,1
295,161,1
295,165,1
295,168,1
295,183,1
295,197,1
295,220,1
295,222,1
295,223,1
295,232,1
295,241,1
295,258,1
295,314,1
295,318,1
295,325,1
295,337,1
297,40,1
298,3,1
299,6,1
299,9,1
299,14,1
299,20,1
299,27,1
299,31,1
299,34,1
299,48,1
299,50,1
299,55,1
299,56,1
299,66,1
299,67,1
299,91,1
299,143,1
299,146,1
299,241,1
299,259,1
300,3,1
300,14,1
300,40,1
300,47,1
300,58,1
300,67,1
300,183,1
300,222,1
301,3,1
301,5,1
301,6,1
301,9,1
301,11,1
301,14,1
301,20,1
301,35,1
301,48,1
301,67,1
301,81,1
301,83,1
301,91,1
301,93,1
301,151,1
302,3,1
303,5,1
303,335,1
304,3,1
304,5,1
304,6,1
304,9,1
304,13,1
304,14,1
304,20,1
304,21,1
304,22,1
304,28,1
304,31,1
304,35,1
304,40,1
304,46,1
304,47,1
304,48,1
304,54,1
304,60,1
304,62,1
304,63,1
304,67,1
304,85,1
304,101,1
304,105,1
304,115,1
304,119,1
304,125,1
304,126,1
304,143,1
304,158,1
304,161,1
304,183,1
304,222,1
304,281,1
304,305,1
304,309,1
304,339,1
306,2,1
306,3,1
306,5,1
306,8,1
306,9,1
306,12,1
306,14,1
306,16,1
306,18,1
306,20,1
306,21,1
306,31,1
306,34,1
306,35,1
306,39,1
306,44,1
306,56,1
306,60,1
306,62,1
306,63,1
306,92,1
306,98,1
306,120,1
306,161,1
306,325,1
306,328,1
307,3,1
307,5,1
307,9,1
307,35,1
307,46,1
307,56,1
307,192,1
308,2,1
308,5,1
308,6,1
308,9,1
308,12,1
308,14,1
308,16,1
308,48,1
309,9,1
309,105,1
309,113,1
309,226,1
310,9,1
310,158,1
311,5,1
311,6,1
311,9,1
311,14,1
311,27,1
311,105,1
311,185,1
311,282,1
312,2,1
312,3,1
312,5,1
312,9,1
312,20,1
312,23,1
312,31,1
312,35,1
312,51,1
312,56,1
313,3,1
313,113,1
313,291,1
314,1,1
314,2,1
314,3,1
314,5,1
314,6,1
314,8,1
314,9,1
314,14,1
314,22,1
314,27,1
314,28,1
314,31,1
314,32,1
314,34,1
314,35,1
314,40,1
314,43,1
314,44,1
314,46,1
314,47,1
314,49,1
314,51,1
314,54,1
314,58,1
314,59,1
314,63,1
314,66,1
314,67,1
314,101,1
314,104,1
314,105,1
314,110,1
314,112,1
314,115,1
314,132,1
314,140,1
314,143,1
314,161,1
314,162,1
314,174,1
314,183,1
314,213,1
314,226,1
314,234,1
314,236,1
314,241,1
314,253,1
314,305,1
314,367,1
315,6,1
316,9,1
317,34,1
318,3,1
318,6,1
318,9,1
319,9,1
320,9,1
320,31,1
321,9,1
322,3,1
322,9,1
323,3,1
323,6,1
323,58,1
323,64,1
323,70,1
323,206,1
325,3,1
325,5,1
325,6,1
325,9,1
325,11,1
325,20,1
325,31,1
325,40,1
325,43,1
325,44,1
325,46,1
325,50,1
325,51,1
325,59,1
325,67,1
325,86,1
325,142,1
325,169,1
325,183,1
326,9,1
327,1,1
327,3,1
327,4,1
327,5,1
327,6,1
327,9,1
327,11,1
327,12,1
327,14,1
327,16,1
327,20,1
327,27,1
327,31,1
327,32,1
327,34,1
327,36,1
327,37,1
327,40,1
327,46,1
327,47,1
327,54,1
327,58,1
327,59,1
327,63,1
327,65,1
327,67,1
327,81,1
327,86,1
327,88,1
327,97,1
327,101,1
327,105,1
327,118,1
327,132,1
327,136,1
327,157,1
327,158,1
327,161,1
327,171,1
327,305,1
327,323,1
327,337,1
328,161,1
330,4,1
331,3,1
332,5,1
332,47,1
333,23,1
333,178,1
334,3,1
334,5,1
334,9,1
334,13,1
334,16,1
334,35,1
334,40,1
334,41,1
334,46,1
334,54,1
334,105,1
334,126,1
335,9,1
336,2,1
336,3,1
336,4,1
336,5,1
336,6,1
336,9,1
336,10,1
336,14,1
336,16,1
336,27,1
336,32,1
336,34,1
336,35,1
336,39,1
336,40,1
336,44,1
336,46,1
336,49,1
336,55,1
336,58,1
336,61,1
336,66,1
336,67,1
336,68,1
336,86,1
336,100,1
336,104,1
336,105,1
336,112,1
336,115,1
336,121,1
336,123,1
336,126,1
336,127,1
336,130,1
336,132,1
336,139,1
336,161,1
336,167,1
336,178,1
336,197,1
336,222,1
336,241,1
336,271,1
336,299,1
337,3,1
337,5,1
337,6,1
337,8,1
337,9,1
337,19,1
337,27,1
337,34,1
337,37,1
337,63,1
337,67,1
337,105,1
337,174,1
337,183,1
337,232,1
337,267,1
338,2,1
338,3,1
338,9,1
338,14,1
338,23,1
338,27,1
338,31,1
338,34,1
338,35,1
338,40,1
338,46,1
338,47,1
338,48,1
338,49,1
338,50,1
338,67,1
338,91,1
338,93,1
338,151,1
338,347,1
338,364,1
339,23,1
339,63,1
340,20,1
341,351,1
342,34,1
342,46,1
343,66,1
343,140,1
343,183,1
344,66,1
344,161,1
345,9,1
345,63,1
346,1,1
346,3,1
346,5,1
346,6,1
346,7,1
346,9,1
346,10,1
346,16,1
346,21,1
346,34,1
346,40,1
346,50,1
346,60,1
346,67,1
346,85,1
346,88,1
346,105,1
346,139,1
346,158,1
346,222,1
348,64,1
348,124,1
349,3,1
349,9,1
349,40,1
349,46,1
349,47,1
349,60,1
349,105,1
349,337,1
350,23,1
351,6,1
351,9,1
351,20,1
351,31,1
351,105,1
351,111,1
352,6,1
353,2,1
353,3,1
353,4,1
353,5,1
353,6,1
353,9,1
353,10,1
353,11,1
353,14,1
353,18,1
353,20,1
353,27,1
353,29,1
353,31,1
353,34,1
353,35,1
353,40,1
353,41,1
353,46,1
353,48,1
353,50,1
353,54,1
353,56,1
353,60,1
353,66,1
353,67,1
353,91,1
353,92,1
353,105,1
353,112,1
353,115,1
353,126,1
353,158,1
353,178,1
353,183,1
353,214,1
355,2,1
355,3,1
355,5,1
355,6,1
355,9,1
355,14,1
355,20,1
355,31,1
355,40,1
355,43,1
355,46,1
355,47,1
355,55,1
355,67,1
355,90,1
355,92,1
355,105,1
355,112,1
355,113,1
355,183,1
355,222,1
355,231,1
355,257,1
355,282,1
355,288,1
355,337,1
356,352,1
357,2,1
357,9,1
357,67,1
358,2,1
358,3,1
358,5,1
358,9,1
358,10,1
358,32,1
358,34,1
358,35,1
358,54,1
358,60,1
358,67,1
358,80,1
358,105,1
358,115,1
358,161,1
358,223,1
359,1,1
359,3,1
359,5,1
359,6,1
359,9,1
359,14,1
359,31,1
359,32,1
359,34,1
359,44,1
359,47,1
359,49,1
359,92,1
359,230,1
360,31,1
360,35,1
361,2,1
361,3,1
361,5,1
361,8,1
361,9,1
361,11,1
361,12,1
361,14,1
361,16,1
361,19,1
361,20,1
361,32,1
361,46,1
361,47,1
361,56,1
361,60,1
361,66,1
361,67,1
361,89,1
361,101,1
361,104,1
361,117,1
361,172,1
362,9,1
362,11,1
362,35,1
362,40,1
362,41,1
362,46,1
362,105,1
362,142,1
362,158,1
362,337,1
364,2,1
365,126,1
366,3,1
366,6,1
366,9,1
366,14,1
366,16,1
366,17,1
366,20,1
366,31,1
366,46,1
366,146,1
366,185,1
366,358,1
367,2,1
367,3,1
367,5,1
367,6,1
367,9,1
367,11,1
367,16,1
367,40,1
367,42,1
367,46,1
367,58,1
367,61,1
367,67,1
367,76,1
367,105,1
367,151,1
367,158,1
367,162,1
367,164,1
367,196,1
367,252,1
367,328,1
368,9,1
368,77,1
368,93,1
368,161,1
369,75,1
370,1,1
370,2,1
370,3,1
370,4,1
370,5,1
370,6,1
370,8,1
370,9,1
370,10,1
370,11,1
370,13,1
370,14,1
370,16,1
370,20,1
370,23,1
370,28,1
370,31,1
370,32,1
370,34,1
370,35,1
370,40,1
370,43,1
370,46,1
370,47,1
370,48,1
370,50,1
370,54,1
370,56,1
370,59,1
370,65,1
370,67,1
370,86,1
370,88,1
370,100,1
370,105,1
370,119,1
370,121,1
370,124,1
370,136,1
370,145,1
370,155,1
370,186,1
370,222,1
370,223,1
370,241,1
370,247,1
370,337,1
370,362,1
371,31,1
371,126,1
371,132,1
371,192,1
372,5,1
372,6,1
372,9,1
372,20,1
372,31,1
372,62,1
372,63,1
372,77,1
372,118,1
372,143,1
372,183,1
372,258,1
372,264,1
373,4,1
373,5,1
373,9,1
373,11,1
373,14,1
373,18,1
373,20,1
373,31,1
373,41,1
373,46,1
373,50,1
373,67,1
373,154,1
373,183,1
373,222,1
374,8,1
374,9,1
374,16,1
374,20,1
374,48,1
376,5,1
378,3,1
379,3,1
379,9,1
379,31,1
379,43,1
379,46,1
379,48,1
379,51,1
379,67,1
379,105,1
379,132,1
379,183,1
379,196,1
379,212,1
379,273,1
381,5,1
381,9,1
381,16,1
381,47,1
381,93,1
381,107,1
381,147,1
382,161,1
383,1,1
383,6,1
383,9,1
383,31,1
383,35,1
383,67,1
384,124,1
385,1,1
386,9,1
386,105,1
387,1,1
387,2,1
387,3,1
387,5,1
387,6,1
387,9,1
387,11,1
387,14,1
387,16,1
387,32,1
387,34,1
387,35,1
387,37,1
387,40,1
387,43,1
387,46,1
387,54,1
387,64,1
387,65,1
387,66,1
387,67,1
387,91,1
387,93,1
387,100,1
387,101,1
387,102,1
387,110,1
387,132,1
387,139,1
387,154,1
387,162,1
387,163,1
387,183,1
387,223,1
387,254,1
387,330,1
387,335,1
388,2,1
388,3,1
388,5,1
388,6,1
388,9,1
388,10,1
388,12,1
388,14,1
388,20,1
388,27,1
388,28,1
388,32,1
388,34,1
388,35,1
388,37,1
388,39,1
388,46,1
388,48,1
388,49,1
388,54,1
388,64,1
388,67,1
388,80,1
388,84,1
388,95,1
388,99,1
388,105,1
388,108,1
388,111,1
388,113,1
388,118,1
388,126,1
388,127,1
388,143,1
388,157,1
388,161,1
388,165,1
388,194,1
388,245,1
388,255,1
388,277,1
389,3,1
389,5,1
389,6,1
389,9,1
389,14,1
389,34,1
389,40,1
389,46,1
389,47,1
389,59,1
389,67,1
389,105,1
389,183,1
389,214,1
390,2,1
390,3,1
390,5,1
390,6,1
390,9,1
390,14,1
390,16,1
390,17,1
390,20,1
390,28,1
390,34,1
390,43,1
390,48,1
390,55,1
390,59,1
390,66,1
390,67,1
390,100,1
390,105,1
390,119,1
390,132,1
390,183,1
390,222,1
390,231,1
390,362,1
391,6,1
391,14,1
391,16,1
391,27,1
391,35,1
391,36,1
391,46,1
391,48,1
391,59,1
391,100,1
391,105,1
391,117,1
391,330,1
392,3,1
392,5,1
392,6,1
392,9,1
392,11,1
392,14,1
392,16,1
392,18,1
392,20,1
392,27,1
392,31,1
392,34,1
392,35,1
392,38,1
392,40,1
392,43,1
392,46,1
392,47,1
392,48,1
392,50,1
392,56,1
392,58,1
392,61,1
392,80,1
392,91,1
392,92,1
392,100,1
392,102,1
392,105,1
392,108,1
392,139,1
392,161,1
392,185,1
392,266,1
393,1,1
393,2,1
393,3,1
393,4,1
393,5,1
393,6,1
393,9,1
393,11,1
393,12,1
393,13,1
393,14,1
393,15,1
393,16,1
393,18,1
393,20,1
393,21,1
393,26,1
393,27,1
393,28,1
393,29,1
393,30,1
393,31,1
393,32,1
393,33,1
393,34,1
393,35,1
393,37,1
393,39,1
393,40,1
393,41,1
393,42,1
393,43,1
393,46,1
393,47,1
393,48,1
393,49,1
393,50,1
393,54,1
393,55,1
393,58,1
393,61,1
393,62,1
393,63,1
393,64,1
393,65,1
393,66,1
393,67,1
393,68,1
393,75,1
393,76,1
393,77,1
393,78,1
393,81,1
393,83,1
393,85,1
393,86,1
393,88,1
393,91,1
393,92,1
393,93,1
393,95,1
393,101,1
393,102,1
393,103,1
393,105,1
393,107,1
393,108,1
393,109,1
393,110,1
393,111,1
393,113,1
393,115,1
393,119,1
393,125,1
393,126,1
393,130,1
393,132,1
393,134,1
393,139,1
393,143,1
393,144,1
393,146,1
393,150,1
393,161,1
393,164,1
393,165,1
393,166,1
393,171,1
393,172,1
393,173,1
393,174,1
393,175,1
393,179,1
393,181,1
393,195,1
393,206,1
393,213,1
393,214,1
393,216,1
393,222,1
393,223,1
393,224,1
393,225,1
393,233,1
393,236,1
393,238,1
393,246,1
393,249,1
393,253,1
393,254,1
393,258,1
393,266,1
393,281,1
393,286,1
393,290,1
393,295,1
393,296,1
393,308,1
393,328,1
393,367,1
393,371,1
394,3,1
394,31,1
395,3,1
395,14,1
395,31,1
395,105,1
396,6,1
396,9,1
396,27,1
396,31,1
396,46,1
396,58,1
396,67,1
396,90,1
396,105,1
396,223,1
397,1,1
397,2,1
397,3,1
397,6,1
397,7,1
397,8,1
397,9,1
397,14,1
397,16,1
397,31,1
397,32,1
397,34,1
397,35,1
397,40,1
397,43,1
397,46,1
397,47,1
397,50,1
397,56,1
397,57,1
397,58,1
397,60,1
397,64,1
397,65,1
397,67,1
397,101,1
397,108,1
397,111,1
397,115,1
397,126,1
397,155,1
397,161,1
397,162,1
397,210,1
397,220,1
397,222,1
397,228,1
397,335,1
398,347,1
399,1,1
399,3,1
399,5,1
399,6,1
399,9,1
399,10,1
399,12,1
399,13,1
399,14,1
399,18,1
399,20,1
399,27,1
399,34,1
399,37,1
399,38,1
399,40,1
399,41,1
399,46,1
399,47,1
399,48,1
399,50,1
399,56,1
399,58,1
399,59,1
399,60,1
399,66,1
399,67,1
399,84,1
399,88,1
399,91,1
399,92,1
399,95,1
399,103,1
399,105,1
399,115,1
399,123,1
399,153,1
399,157,1
399,169,1
399,173,1
399,231,1
399,235,1
399,238,1
399,241,1
399,329,1
400,3,1
400,4,1
400,5,1
400,6,1
400,9,1
400,12,1
400,14,1
400,46,1
400,56,1
400,178,1
400,197,1
401,5,1
401,6,1
401,31,1
401,253,1
402,5,1
402,125,1
403,1,1
403,2,1
403,3,1
403,4,1
403,5,1
403,6,1
403,7,1
403,8,1
403,9,1
403,14,1
403,27,1
403,31,1
403,32,1
403,34,1
403,35,1
403,37,1
403,46,1
403,47,1
403,48,1
403,50,1
403,54,1
403,58,1
403,62,1
403,63,1
403,66,1
403,67,1
403,74,1
403,81,1
403,86,1
403,95,1
403,105,1
403,108,1
403,121,1
403,123,1
403,128,1
403,222,1
403,231,1
403,316,1
404,67,1
405,3,1
405,5,1
405,6,1
405,9,1
405,16,1
405,18,1
405,20,1
405,31,1
405,34,1
405,35,1
405,39,1
405,40,1
405,41,1
405,47,1
405,59,1
405,68,1
405,91,1
405,107,1
405,210,1
405,366,1
406,1,1
406,5,1
406,6,1
406,9,1
406,14,1
406,16,1
406,31,1
406,34,1
406,35,1
406,37,1
406,46,1
406,47,1
406,48,1
406,54,1
406,55,1
406,67,1
406,92,1
406,95,1
406,101,1
406,143,1
406,158,1
406,173,1
406,185,1
406,188,1
406,357,1
407,3,1
407,6,1
407,9,1
408,9,1
409,9,1
410,85,1
411,1,1
411,3,1
411,4,1
411,5,1
411,6,1
411,9,1
411,11,1
411,12,1
411,16,1
411,20,1
411,27,1
411,28,1
411,31,1
411,32,1
411,34,1
411,35,1
411,37,1
411,41,1
411,46,1
411,49,1
411,57,1
411,58,1
411,62,1
411,63,1
411,64,1
411,66,1
411,67,1
411,68,1
411,80,1
411,81,1
411,86,1
411,88,1
411,89,1
411,99,1
411,105,1
411,106,1
411,108,1
411,115,1
411,124,1
411,126,1
411,132,1
411,143,1
411,149,1
411,159,1
411,161,1
411,162,1
411,209,1
411,212,1
411,220,1
411,261,1
411,297,1
412,9,1
414,2,1
414,3,1
414,5,1
414,6,1
414,7,1
414,9,1
414,18,1
414,31,1
414,35,1
414,41,1
414,67,1
414,86,1
414,92,1
414,113,1
414,235,1
415,46,1
415,48,1
416,5,1
416,9,1
416,40,1
416,43,1
416,60,1
416,158,1
416,241,1
417,7,1
417,9,1
417,14,1
417,16,1
417,21,1
417,34,1
417,40,1
417,48,1
417,67,1
417,105,1
417,158,1
417,235,1
417,336,1
418,277,1
419,2,1
419,3,1
419,6,1
420,46,1
421,9,1
421,23,1
421,35,1
421,40,1
421,46,1
422,3,1
424,2,1
424,3,1
424,5,1
424,6,1
424,9,1
424,11,1
424,14,1
424,16,1
424,28,1
424,31,1
424,32,1
424,34,1
424,35,1
424,37,1
424,40,1
424,43,1
424,46,1
424,47,1
424,48,1
424,50,1
424,51,1
424,56,1
424,61,1
424,66,1
424,67,1
424,81,1
424,86,1
424,91,1
424,104,1
424,105,1
424,108,1
424,113,1
424,115,1
424,155,1
424,183,1
424,212,1
424,216,1
424,220,1
424,223,1
424,228,1
424,241,1
424,262,1
424,265,1
425,9,1
425,14,1
425,23,1
425,27,1
425,59,1
425,60,1
425,68,1
425,86,1
425,106,1
425,115,1
426,55,1
427,9,1
427,23,1
427,40,1
427,41,1
427,91,1
427,185,1
427,351,1
428,2,1
428,3,1
428,5,1
428,6,1
428,9,1
428,11,1
428,14,1
428,16,1
428,29,1
428,31,1
428,34,1
428,35,1
428,40,1
428,44,1
428,46,1
428,48,1
428,55,1
428,60,1
428,64,1
428,67,1
428,68,1
428,86,1
428,91,1
428,97,1
428,105,1
428,106,1
428,107,1
428,126,1
428,151,1
428,161,1
428,183,1
428,228,1
428,249,1
428,277,1
428,306,1
428,337,1
429,3,1
430,34,1
432,2,1
432,3,1
432,5,1
432,6,1
432,9,1
432,11,1
432,14,1
432,18,1
432,20,1
432,21,1
432,27,1
432,29,1
432,31,1
432,32,1
432,34,1
432,35,1
432,40,1
432,42,1
432,43,1
432,44,1
432,46,1
432,48,1
432,50,1
432,59,1
432,67,1
432,68,1
432,90,1
432,91,1
432,92,1
432,105,1
432,123,1
432,124,1
432,130,1
432,183,1
432,199,1
432,223,1
432,228,1
432,337,1
432,360,1
432,363,1
432,369,1
434,3,1
434,91,1
435,3,1
436,158,1
437,1,1
437,2,1
437,3,1
437,6,1
437,9,1
437,10,1
437,12,1
437,14,1
437,16,1
437,20,1
437,27,1
437,28,1
437,31,1
437,32,1
437,34,1
437,35,1
437,40,1
437,41,1
437,43,1
437,46,1
437,48,1
437,50,1
437,55,1
437,56,1
437,61,1
437,67,1
437,77,1
437,88,1
437,90,1
437,125,1
437,136,1
437,146,1
437,161,1
437,185,1
437,187,1
437,194,1
437,230,1
437,241,1
437,316,1
437,330,1
437,336,1
438,9,1
439,46,1
440,1,1
440,3,1
440,4,1
440,5,1
440,6,1
440,9,1
440,10,1
440,14,1
440,16,1
440,27,1
440,31,1
440,32,1
440,34,1
440,40,1
440,41,1
440,46,1
440,50,1
440,56,1
440,58,1
440,63,1
440,66,1
440,67,1
440,81,1
440,91,1
440,92,1
440,101,1
440,115,1
440,126,1
440,132,1
440,145,1
440,146,1
440,154,1
440,161,1
440,166,1
440,177,1
440,183,1
440,185,1
440,223,1
440,281,1
440,297,1
441,12,1
441,31,1
441,40,1
442,14,1
442,31,1
442,66,1
443,1,1
443,3,1
443,9,1
443,11,1
443,14,1
443,18,1
443,20,1
443,31,1
443,40,1
443,46,1
443,47,1
443,59,1
443,76,1
443,79,1
443,91,1
443,101,1
443,138,1
443,297,1
444,8,1
444,67,1
444,105,1
444,166,1
444,183,1
445,3,1
445,20,1
445,31,1
445,96,1
445,104,1
447,1,1
447,2,1
447,3,1
447,4,1
447,6,1
447,7,1
447,8,1
447,9,1
447,13,1
447,14,1
447,15,1
447,16,1
447,20,1
447,21,1
447,28,1
447,31,1
447,34,1
447,35,1
447,40,1
447,41,1
447,42,1
447,43,1
447,46,1
447,50,1
447,55,1
447,58,1
447,59,1
447,60,1
447,62,1
447,65,1
447,67,1
447,75,1
447,105,1
447,113,1
447,125,1
447,150,1
447,159,1
447,164,1
447,210,1
447,220,1
447,223,1
447,287,1
448,2,1
448,3,1
448,5,1
448,6,1
448,9,1
448,20,1
448,21,1
448,29,1
448,31,1
448,37,1
448,41,1
448,48,1
448,55,1
448,65,1
448,67,1
448,68,1
448,86,1
448,88,1
448,91,1
448,102,1
448,105,1
448,110,1
448,115,1
448,135,1
448,161,1
448,228,1
448,264,1
449,1,1
449,3,1
449,4,1
449,5,1
449,6,1
449,7,1
449,9,1
449,10,1
449,11,1
449,14,1
449,16,1
449,18,1
449,20,1
449,31,1
449,34,1
449,35,1
449,44,1
449,46,1
449,48,1
449,50,1
449,59,1
449,60,1
449,65,1
449,75,1
449,90,1
449,91,1
449,97,1
449,105,1
449,112,1
449,120,1
449,124,1
449,182,1
449,183,1
449,186,1
449,194,1
449,225,1
449,321,1
449,335,1
449,353,1
449,360,1
450,4,1
450,16,1
451,67,1
451,103,1
451,280,1
452,113,1
453,3,1
453,5,1
453,6,1
453,14,1
453,46,1
454,5,1
455,2,1
455,3,1
455,5,1
455,7,1
455,8,1
455,9,1
455,12,1
455,14,1
455,16,1
455,18,1
455,19,1
455,20,1
455,21,1
455,31,1
455,32,1
455,34,1
455,35,1
455,39,1
455,40,1
455,41,1
455,43,1
455,46,1
455,47,1
455,56,1
455,59,1
455,60,1
455,62,1
455,66,1
455,74,1
455,92,1
455,95,1
455,101,1
455,105,1
455,110,1
455,120,1
455,161,1
455,173,1
455,178,1
455,206,1
455,325,1
455,328,1
456,3,1
456,9,1
456,18,1
456,44,1
456,46,1
456,58,1
456,81,1
456,105,1
456,158,1
456,288,1
457,1,1
457,2,1
457,3,1
457,4,1
457,5,1
457,6,1
457,9,1
457,11,1
457,14,1
457,20,1
457,28,1
457,32,1
457,34,1
457,40,1
457,46,1
457,47,1
457,48,1
457,64,1
457,66,1
457,67,1
457,68,1
457,77,1
457,93,1
457,102,1
457,105,1
457,166,1
457,185,1
457,214,1
457,223,1
457,236,1
457,259,1
458,31,1
459,3,1
459,4,1
459,5,1
459,6,1
459,9,1
459,14,1
459,16,1
459,20,1
459,22,1
459,34,1
459,35,1
459,40,1
459,41,1
459,43,1
459,46,1
459,47,1
459,48,1
459,50,1
459,55,1
459,57,1
459,67,1
459,90,1
459,110,1
459,132,1
459,154,1
459,158,1
459,235,1
461,5,1
461,9,1
461,23,1
461,53,1
461,78,1
461,143,1
462,3,1
462,6,1
462,9,1
462,16,1
462,17,1
462,20,1
462,34,1
462,35,1
462,40,1
462,49,1
462,54,1
462,66,1
462,67,1
462,91,1
462,101,1
463,3,1
463,105,1
464,1,1
464,3,1
464,5,1
464,6,1
464,9,1
464,10,1
464,13,1
464,14,1
464,18,1
464,28,1
464,31,1
464,32,1
464,34,1
464,35,1
464,37,1
464,44,1
464,46,1
464,48,1
464,49,1
464,50,1
464,56,1
464,58,1
464,59,1
464,64,1
464,67,1
464,68,1
464,77,1
464,78,1
464,82,1
464,88,1
464,89,1
464,91,1
464,93,1
464,100,1
464,105,1
464,112,1
464,115,1
464,117,1
464,124,1
464,157,1
464,165,1
464,221,1
464,223,1
464,335,1
465,9,1
465,14,1
465,59,1
466,34,1
466,67,1
466,226,1
467,9,1
467,14,1
468,32,1
469,3,1
470,3,1
470,4,1
470,9,1
470,23,1
470,27,1
470,46,1
470,66,1
470,232,1
470,253,1
471,2,1
471,3,1
471,6,1
471,9,1
471,14,1
471,20,1
471,30,1
471,31,1
471,34,1
471,35,1
471,37,1
471,40,1
471,46,1
471,50,1
471,56,1
471,67,1
471,68,1
471,92,1
471,105,1
471,115,1
471,121,1
471,142,1
471,182,1
471,188,1
471,216,1
471,228,1
471,264,1
471,283,1
471,337,1
471,363,1
471,365,1
473,3,1
473,5,1
473,14,1
473,40,1
473,52,1
473,56,1
473,67,1
473,88,1
473,91,1
473,358,1
474,9,1
474,47,1
474,67,1
474,113,1
474,132,1
474,142,1
474,154,1
474,241,1
475,58,1
475,164,1
476,49,1
476,56,1
476,59,1
477,5,1
477,6,1
477,9,1
477,40,1
478,9,1
479,1,1
479,2,1
479,3,1
479,5,1
479,6,1
479,9,1
479,10,1
479,11,1
479,14,1
479,15,1
479,16,1
479,20,1
479,21,1
479,25,1
479,26,1
479,27,1
479,31,1
479,32,1
479,34,1
479,35,1
479,37,1
479,40,1
479,41,1
479,43,1
479,46,1
479,47,1
479,49,1
479,50,1
479,51,1
479,55,1
479,56,1
479,60,1
479,64,1
479,66,1
479,67,1
479,68,1
479,70,1
479,81,1
479,86,1
479,88,1
479,93,1
479,98,1
479,110,1
479,115,1
479,124,1
479,125,1
479,132,1
479,151,1
479,156,1
479,158,1
479,161,1
479,165,1
479,183,1
479,214,1
479,233,1
479,238,1
479,258,1
479,325,1
479,336,1
479,337,1
479,342,1
479,357,1
479,362,1
480,31,1
480,183,1
482,3,1
482,6,1
482,9,1
482,16,1
482,34,1
482,41,1
482,46,1
482,50,1
482,255,1
483,3,1
483,9,1
483,63,1
483,110,1
483,174,1
484,34,1
485,3,1
486,1,1
486,2,1
486,3,1
486,4,1
486,5,1
486,6,1
486,8,1
486,9,1
486,11,1
486,13,1
486,14,1
486,16,1
486,17,1
486,18,1
486,20,1
486,21,1
486,27,1
486,31,1
486,32,1
486,33,1
486,34,1
486,37,1
486,40,1
486,41,1
486,42,1
486,44,1
486,46,1
486,47,1
486,48,1
486,49,1
486,50,1
486,54,1
486,55,1
486,56,1
486,58,1
486,60,1
486,61,1
486,63,1
486,67,1
486,68,1
486,86,1
486,89,1
486,91,1
486,93,1
486,102,1
486,103,1
486,105,1
486,107,1
486,109,1
486,113,1
486,114,1
486,117,1
486,125,1
486,126,1
486,142,1
486,150,1
486,151,1
486,154,1
486,158,1
486,161,1
486,182,1
486,183,1
486,184,1
486,185,1
486,209,1
486,210,1
486,211,1
486,237,1
486,241,1
486,272,1
486,284,1
486,336,1
487,3,1
488,14,1
488,23,1
488,50,1
488,105,1
490,6,1
490,9,1
490,34,1
490,40,1
490,47,1
490,57,1
490,121,1
490,124,1
490,183,1
491,3,1
491,5,1
491,6,1
491,9,1
491,20,1
491,21,1
491,31,1
491,34,1
491,40,1
491,46,1
491,47,1
491,60,1
491,63,1
491,67,1
491,86,1
491,92,1
491,158,1
491,183,1
491,222,1
493,6,1
493,46,1
494,3,1
494,5,1
494,6,1
494,9,1
494,11,1
494,27,1
494,31,1
494,40,1
494,43,1
494,44,1
494,46,1
494,50,1
494,51,1
494,59,1
494,67,1
494,86,1
494,142,1
494,169,1
494,183,1
495,3,1
496,20,1
496,50,1
496,235,1
497,23,1
498,20,1
498,48,1
498,107,1
498,223,1
499,126,1
500,1,1
500,2,1
500,3,1
500,4,1
500,5,1
500,6,1
500,9,1
500,10,1
500,12,1
500,13,1
500,14,1
500,15,1
500,16,1
500,20,1
500,21,1
500,27,1
500,28,1
500,29,1
500,31,1
500,32,1
500,34,1
500,35,1
500,37,1
500,38,1
500,40,1
500,41,1
500,43,1
500,44,1
500,46,1
500,47,1
500,48,1
500,49,1
500,50,1
500,54,1
500,56,1
500,62,1
500,66,1
500,67,1
500,81,1
500,84,1
500,86,1
500,91,1
500,92,1
500,102,1
500,105,1
500,113,1
500,115,1
500,119,1
500,123,1
500,124,1
500,131,1
500,144,1
500,158,1
500,161,1
500,183,1
500,194,1
500,212,1
500,228,1
500,247,1
500,294,1
500,326,1
500,333,1
500,369,1
501,1,1
501,2,1
501,3,1
501,4,1
501,5,1
501,6,1
501,7,1
501,9,1
501,10,1
501,11,1
501,14,1
501,16,1
501,21,1
501,25,1
501,31,1
501,34,1
501,38,1
501,40,1
501,43,1
501,46,1
501,47,1
501,50,1
501,55,1
501,56,1
501,67,1
501,92,1
501,102,1
501,105,1
501,107,1
501,112,1
501,113,1
501,125,1
501,150,1
501,154,1
501,158,1
501,183,1
501,190,1
501,223,1
501,232,1
501,281,1
501,330,1
501,340,1
502,3,1
502,9,1
502,46,1
502,47,1
503,2,1
503,3,1
503,4,1
503,5,1
503,6,1
503,9,1
503,11,1
503,14,1
503,23,1
503,28,1
503,31,1
503,32,1
503,34,1
503,37,1
503,40,1
503,41,1
503,46,1
503,54,1
503,58,1
503,64,1
503,65,1
503,66,1
503,71,1
503,85,1
503,86,1
503,91,1
503,94,1
503,105,1
503,108,1
503,115,1
503,123,1
503,126,1
503,128,1
503,132,1
503,154,1
503,212,1
503,223,1
503,228,1
503,330,1
503,335,1
505,9,1
506,5,1
506,9,1
506,46,1
506,47,1
507,11,1
507,16,1
507,135,1
509,2,1
509,3,1
509,4,1
509,6,1
509,11,1
509,14,1
509,15,1
509,20,1
509,25,1
509,31,1
509,35,1
509,40,1
509,47,1
509,51,1
509,64,1
509,93,1
509,170,1
509,183,1
509,255,1
510,48,1
510,226,1
511,31,1
512,2,1
512,6,1
512,9,1
512,20,1
512,31,1
512,32,1
512,40,1
512,47,1
512,67,1
512,91,1
512,93,1
512,130,1
512,132,1
512,161,1
512,194,1
512,235,1
512,336,1
513,2,1
513,3,1
513,6,1
513,9,1
513,20,1
513,46,1
513,48,1
513,135,1
513,347,1
514,3,1
514,6,1
514,9,1
514,20,1
514,31,1
514,35,1
514,40,1
514,46,1
514,50,1
514,91,1
514,113,1
514,158,1
515,27,1
515,223,1
516,2,1
516,9,1
516,21,1
516,34,1
516,55,1
516,111,1
517,1,1
517,2,1
517,3,1
517,5,1
517,6,1
517,9,1
517,11,1
517,12,1
517,14,1
517,16,1
517,20,1
517,30,1
517,31,1
517,34,1
517,35,1
517,40,1
517,43,1
517,46,1
517,47,1
517,48,1
517,55,1
517,56,1
517,61,1
517,66,1
517,67,1
517,68,1
517,76,1
517,86,1
517,90,1
517,91,1
517,92,1
517,101,1
517,105,1
517,112,1
517,124,1
517,132,1
517,158,1
517,161,1
517,187,1
517,233,1
517,252,1
517,276,1
517,285,1
518,6,1
518,16,1
518,34,1
518,46,1
518,67,1
518,183,1
519,20,1
519,50,1
519,105,1
519,235,1
520,2,1
520,3,1
520,5,1
520,6,1
520,9,1
520,10,1
520,14,1
520,20,1
520,29,1
520,31,1
520,34,1
520,40,1
520,44,1
520,46,1
520,48,1
520,54,1
520,59,1
520,62,1
520,67,1
520,68,1
520,77,1
520,86,1
520,102,1
520,105,1
520,111,1
520,126,1
520,132,1
520,137,1
520,143,1
520,145,1
520,157,1
520,158,1
520,183,1
520,221,1
520,222,1
520,232,1
521,35,1
521,66,1
521,81,1
522,6,1
523,185,1
524,5,1
524,212,1
525,5,1
525,9,1
525,21,1
525,67,1
525,113,1
525,330,1
526,9,1
526,12,1
526,14,1
526,34,1
526,40,1
526,80,1
526,161,1
527,3,1
527,11,1
527,18,1
527,20,1
527,46,1
527,101,1
528,6,1
529,3,1
529,5,1
530,3,1
530,5,1
530,6,1
530,9,1
530,31,1
530,34,1
530,37,1
530,43,1
530,47,1
530,55,1
530,59,1
530,62,1
530,91,1
530,105,1
530,110,1
530,139,1
530,164,1
530,241,1
530,286,1
531,3,1
531,6,1
531,9,1
531,14,1
531,32,1
531,34,1
531,46,1
531,48,1
531,59,1
533,20,1
533,50,1
533,235,1
534,1,1
534,2,1
534,3,1
534,4,1
534,5,1
534,6,1
534,7,1
534,9,1
534,11,1
534,12,1
534,13,1
534,14,1
534,16,1
534,20,1
534,22,1
534,27,1
534,31,1
534,35,1
534,40,1
534,41,1
534,46,1
534,54,1
534,55,1
534,61,1
534,63,1
534,67,1
534,75,1
534,90,1
534,97,1
534,105,1
534,125,1
534,132,1
534,161,1
534,164,1
534,165,1
534,183,1
534,258,1
534,336,1
534,355,1
535,6,1
535,135,1
536,2,1
536,3,1
536,6,1
536,31,1
536,49,1
536,67,1
536,101,1
536,161,1
536,190,1
536,204,1
536,337,1
537,3,1
537,5,1
537,6,1
537,9,1
537,12,1
537,14,1
537,27,1
537,31,1
537,32,1
537,46,1
537,48,1
537,55,1
537,56,1
537,81,1
537,105,1
537,133,1
537,158,1
537,161,1
537,197,1
538,91,1
539,64,1
540,6,1
540,9,1
540,49,1
541,3,1
541,6,1
542,3,1
542,57,1
542,347,1
543,20,1
543,31,1
544,32,1
545,6,1
545,9,1
545,58,1
545,102,1
545,121,1
546,5,1
546,40,1
548,9,1
548,32,1
548,67,1
548,132,1
548,145,1
548,223,1
549,58,1
550,9,1
552,14,1
552,46,1
553,3,1
553,5,1
553,6,1
553,9,1
553,18,1
553,20,1
553,34,1
553,35,1
553,46,1
553,67,1
553,162,1
554,6,1
555,20,1
555,50,1
555,235,1
557,11,1
557,16,1
557,40,1
557,52,1
557,105,1
557,110,1
557,138,1
557,158,1
558,2,1
558,3,1
558,5,1
558,6,1
558,9,1
558,12,1
558,14,1
558,20,1
558,31,1
558,32,1
558,35,1
558,40,1
558,41,1
558,46,1
558,47,1
558,48,1
558,50,1
558,67,1
558,77,1
558,86,1
558,91,1
558,101,1
558,105,1
558,107,1
558,109,1
558,123,1
558,125,1
558,126,1
558,151,1
558,161,1
558,183,1
558,206,1
558,214,1
558,223,1
558,228,1
558,235,1
558,255,1
558,282,1
558,328,1
560,6,1
560,9,1
561,3,1
561,6,1
561,9,1
561,11,1
561,14,1
561,16,1
561,20,1
561,31,1
561,34,1
561,44,1
561,46,1
561,55,1
561,81,1
561,92,1
561,138,1
561,277,1
563,3,1
564,2,1
564,4,1
564,6,1
564,9,1
564,13,1
564,16,1
564,33,1
564,35,1
564,40,1
564,41,1
564,42,1
564,44,1
564,50,1
564,59,1
564,85,1
564,105,1
564,107,1
564,126,1
564,139,1
564,142,1
564,143,1
564,154,1
564,158,1
564,235,1
565,1,1
565,2,1
565,3,1
565,4,1
565,5,1
565,6,1
565,9,1
565,13,1
565,14,1
565,16,1
565,17,1
565,20,1
565,27,1
565,31,1
565,33,1
565,35,1
565,40,1
565,41,1
565,42,1
565,44,1
565,50,1
565,55,1
565,58,1
565,59,1
565,60,1
565,63,1
565,68,1
565,86,1
565,93,1
565,102,1
565,103,1
565,105,1
565,107,1
565,113,1
565,117,1
565,125,1
565,126,1
565,139,1
565,142,1
565,143,1
565,150,1
565,151,1
565,154,1
565,158,1
565,161,1
565,183,1
565,209,1
565,210,1
565,211,1
565,235,1
565,237,1
565,264,1
565,284,1
566,2,1
566,5,1
566,6,1
566,9,1
566,31,1
566,48,1
567,3,1
567,5,1
567,6,1
567,8,1
567,9,1
567,20,1
567,35,1
567,46,1
567,50,1
567,67,1
567,94,1
567,115,1
567,125,1
567,142,1
567,153,1
567,368,1
568,3,1
568,5,1
568,6,1
568,9,1
568,46,1
568,51,1
568,67,1
568,104,1
568,172,1
569,1,1
569,2,1
569,3,1
569,4,1
569,5,1
569,6,1
569,9,1
569,10,1
569,13,1
569,14,1
569,16,1
569,17,1
569,24,1
569,27,1
569,31,1
569,32,1
569,34,1
569,35,1
569,37,1
569,38,1
569,40,1
569,44,1
569,45,1
569,46,1
569,47,1
569,49,1
569,54,1
569,55,1
569,58,1
569,59,1
569,60,1
569,62,1
569,65,1
569,67,1
569,68,1
569,73,1
569,82,1
569,83,1
569,84,1
569,85,1
569,88,1
569,89,1
569,95,1
569,97,1
569,103,1
569,104,1
569,105,1
569,106,1
569,114,1
569,115,1
569,117,1
569,119,1
569,123,1
569,126,1
569,145,1
569,157,1
569,161,1
569,162,1
569,164,1
569,165,1
569,169,1
569,173,1
569,177,1
569,178,1
569,183,1
569,206,1
569,214,1
569,238,1
569,329,1
569,337,1
569,345,1
569,372,1
570,3,1
570,6,1
570,9,1
570,31,1
570,67,1
571,40,1
572,2,1
572,55,1
572,113,1
573,139,1
574,3,1
574,5,1
574,6,1
574,9,1
574,11,1
574,31,1
574,35,1
574,40,1
574,46,1
574,58,1
574,64,1
574,66,1
574,67,1
574,89,1
574,102,1
574,105,1
574,183,1
575,183,1
575,277,1
576,47,1
577,2,1
577,3,1
577,5,1
577,6,1
577,9,1
577,14,1
577,15,1
577,20,1
577,27,1
577,31,1
577,32,1
577,34,1
577,35,1
577,40,1
577,46,1
577,55,1
577,59,1
577,63,1
577,65,1
577,67,1
577,83,1
577,85,1
577,91,1
577,101,1
577,105,1
577,110,1
577,126,1
577,132,1
577,145,1
577,146,1
577,161,1
577,165,1
577,172,1
577,329,1
578,3,1
578,5,1
578,6,1
578,9,1
578,14,1
578,22,1
578,31,1
578,34,1
578,46,1
578,48,1
578,50,1
578,58,1
578,67,1
578,86,1
578,101,1
578,112,1
578,158,1
578,183,1
578,333,1
580,1,1
580,2,1
580,3,1
580,4,1
580,5,1
580,6,1
580,8,1
580,9,1
580,10,1
580,11,1
580,12,1
580,13,1
580,14,1
580,15,1
580,16,1
580,18,1
580,20,1
580,21,1
580,27,1
580,28,1
580,29,1
580,30,1
580,31,1
580,32,1
580,34,1
580,35,1
580,37,1
580,39,1
580,40,1
580,41,1
580,43,1
580,44,1
580,46,1
580,47,1
580,48,1
580,49,1
580,50,1
580,51,1
580,54,1
580,55,1
580,56,1
580,57,1
580,58,1
580,59,1
580,60,1
580,61,1
580,62,1
580,63,1
580,64,1
580,65,1
580,66,1
580,67,1
580,68,1
580,74,1
580,75,1
580,76,1
580,77,1
580,80,1
580,83,1
580,84,1
580,85,1
580,86,1
580,88,1
580,89,1
580,90,1
580,91,1
580,92,1
580,93,1
580,95,1
580,98,1
580,102,1
580,103,1
580,104,1
580,105,1
580,106,1
580,107,1
580,108,1
580,110,1
580,111,1
580,113,1
580,115,1
580,117,1
580,118,1
580,119,1
580,120,1
580,122,1
580,123,1
580,124,1
580,125,1
580,126,1
580,127,1
580,130,1
580,132,1
580,134,1
580,139,1
580,140,1
580,143,1
580,145,1
580,146,1
580,147,1
580,148,1
580,151,1
580,152,1
580,154,1
580,156,1
580,158,1
580,161,1
580,164,1
580,165,1
580,168,1
580,169,1
580,172,1
580,173,1
580,183,1
580,188,1
580,201,1
580,216,1
580,222,1
580,223,1
580,224,1
580,228,1
580,229,1
580,231,1
580,234,1
580,235,1
580,236,1
580,238,1
580,241,1
580,249,1
580,258,1
580,261,1
580,264,1
580,281,1
580,286,1
580,298,1
580,302,1
580,318,1
580,321,1
580,322,1
580,327,1
580,329,1
580,333,1
580,336,1
580,337,1
580,338,1
580,357,1
580,362,1
581,20,1
581,31,1
581,56,1
581,297,1
582,3,1
582,5,1
582,6,1
582,9,1
582,14,1
582,27,1
582,35,1
582,41,1
582,46,1
582,54,1
582,58,1
582,64,1
582,67,1
582,85,1
582,91,1
582,111,1
582,149,1
583,61,1
583,223,1
584,2,1
584,3,1
584,5,1
584,6,1
584,9,1
584,10,1
584,14,1
584,16,1
584,19,1
584,20,1
584,22,1
584,31,1
584,32,1
584,34,1
584,46,1
584,50,1
584,55,1
584,58,1
584,67,1
584,88,1
584,92,1
584,93,1
584,101,1
584,105,1
584,124,1
584,158,1
584,165,1
584,230,1
584,240,1
584,246,1
584,324,1
584,365,1
585,1,1
585,3,1
585,5,1
585,6,1
585,9,1
585,11,1
585,12,1
585,14,1
585,16,1
585,17,1
585,20,1
585,27,1
585,28,1
585,31,1
585,34,1
585,37,1
585,40,1
585,46,1
585,48,1
585,49,1
585,51,1
585,58,1
585,59,1
585,63,1
585,66,1
585,67,1
585,83,1
585,86,1
585,89,1
585,92,1
585,93,1
585,101,1
585,102,1
585,105,1
585,107,1
585,117,1
585,119,1
585,121,1
585,126,1
585,132,1
585,143,1
585,145,1
585,161,1
585,183,1
585,216,1
585,236,1
585,297,1
585,326,1
585,337,1
585,373,1
586,3,1
587,27,1
587,40,1
587,66,1
587,105,1
587,164,1
587,233,1
587,347,1
588,3,1
588,6,1
588,9,1
588,10,1
588,14,1
588,20,1
588,22,1
588,31,1
588,35,1
588,40,1
588,46,1
588,48,1
588,50,1
588,67,1
588,77,1
588,158,1
588,178,1
588,277,1
589,2,1
589,3,1
589,5,1
589,6,1
589,9,1
589,14,1
589,27,1
589,31,1
589,34,1
589,39,1
589,40,1
589,41,1
589,46,1
589,49,1
589,50,1
589,55,1
589,56,1
589,59,1
589,60,1
589,67,1
589,91,1
589,105,1
589,158,1
589,188,1
590,3,1
590,113,1
591,3,1
591,9,1
591,47,1
591,341,1
592,6,1
592,28,1
592,35,1
592,40,1
593,6,1
593,9,1
594,20,1
595,14,1
596,3,1
596,9,1
596,358,1
598,3,1
598,9,1
598,35,1
598,46,1
598,56,1
598,85,1
598,93,1
598,139,1
598,142,1
598,192,1
600,2,1
600,3,1
600,5,1
600,6,1
600,8,1
600,9,1
600,10,1
600,12,1
600,14,1
600,16,1
600,20,1
600,28,1
600,32,1
600,35,1
600,37,1
600,39,1
600,40,1
600,44,1
600,46,1
600,48,1
600,54,1
600,56,1
600,64,1
600,80,1
600,84,1
600,105,1
600,108,1
600,118,1
600,126,1
600,136,1
600,157,1
600,161,1
600,165,1
600,183,1
600,194,1
600,233,1
600,247,1
600,277,1
600,324,1
600,332,1
601,207,1
602,9,1
602,23,1
602,232,1
603,5,1
603,9,1
603,14,1
603,31,1
603,50,1
603,52,1
604,3,1
604,5,1
604,6,1
604,9,1
604,32,1
604,34,1
604,48,1
604,55,1
604,56,1
604,60,1
604,83,1
604,105,1
604,123,1
604,343,1
605,56,1
606,47,1
607,110,1
608,6,1
608,9,1
608,11,1
608,31,1
608,34,1
608,35,1
608,51,1
608,67,1
608,123,1
608,145,1
608,158,1
608,212,1
608,275,1
608,342,1
609,1,1
609,3,1
609,5,1
609,6,1
609,9,1
609,12,1
609,14,1
609,32,1
609,46,1
609,335,1
610,58,1
611,6,1
611,41,1
611,126,1
612,37,1
612,46,1
612,101,1
613,6,1
614,3,1
614,9,1
614,14,1
614,31,1
614,40,1
614,67,1
614,124,1
614,158,1
614,187,1
615,9,1
615,48,1
615,89,1
615,98,1
615,116,1
616,2,1
616,3,1
616,5,1
616,6,1
616,9,1
616,27,1
616,31,1
616,32,1
616,34,1
616,40,1
616,46,1
616,47,1
616,48,1
616,53,1
616,60,1
616,67,1
616,80,1
616,86,1
616,92,1
616,105,1
616,115,1
616,132,1
616,158,1
616,161,1
616,240,1
616,337,1
617,361,1
618,11,1
619,1,1
619,2,1
619,3,1
619,4,1
619,5,1
619,6,1
619,7,1
619,9,1
619,10,1
619,13,1
619,14,1
619,16,1
619,20,1
619,21,1
619,27,1
619,28,1
619,29,1
619,31,1
619,32,1
619,34,1
619,35,1
619,37,1
619,38,1
619,40,1
619,43,1
619,46,1
619,47,1
619,48,1
619,49,1
619,50,1
619,54,1
619,55,1
619,58,1
619,59,1
619,60,1
619,61,1
619,63,1
619,64,1
619,66,1
619,67,1
619,68,1
619,77,1
619,79,1
619,80,1
619,81,1
619,88,1
619,89,1
619,91,1
619,93,1
619,101,1
619,105,1
619,110,1
619,112,1
619,114,1
619,115,1
619,117,1
619,124,1
619,132,1
619,140,1
619,145,1
619,151,1
619,153,1
619,158,1
619,159,1
619,161,1
619,162,1
619,164,1
619,165,1
619,167,1
619,182,1
619,183,1
619,196,1
619,222,1
619,223,1
619,225,1
619,230,1
619,233,1
619,241,1
619,258,1
619,265,1
619,277,1
619,318,1
619,335,1
619,370,1
621,14,1
621,34,1
623,3,1
624,2,1
624,6,1
624,9,1
624,14,1
624,23,1
624,48,1
624,67,1
624,113,1
625,31,1
625,91,1
626,34,1
626,109,1
627,2,1
627,3,1
627,5,1
627,6,1
627,9,1
627,14,1
627,46,1
627,55,1
627,57,1
627,58,1
627,60,1
627,65,1
627,67,1
627,75,1
627,78,1
627,80,1
627,81,1
627,90,1
627,98,1
627,105,1
627,124,1
627,127,1
627,132,1
627,153,1
627,162,1
627,192,1
627,214,1
627,233,1
627,235,1
627,241,1
627,352,1
628,1,1
628,2,1
628,3,1
628,4,1
628,5,1
628,6,1
628,7,1
628,9,1
628,12,1
628,14,1
628,15,1
628,16,1
628,17,1
628,18,1
628,23,1
628,26,1
628,27,1
628,28,1
628,29,1
628,31,1
628,32,1
628,34,1
628,35,1
628,37,1
628,38,1
628,39,1
628,40,1
628,42,1
628,46,1
628,48,1
628,49,1
628,51,1
628,52,1
628,54,1
628,55,1
628,56,1
628,58,1
628,62,1
628,64,1
628,65,1
628,66,1
628,67,1
628,76,1
628,85,1
628,86,1
628,87,1
628,89,1
628,91,1
628,93,1
628,101,1
628,102,1
628,103,1
628,104,1
628,105,1
628,107,1
628,108,1
628,109,1
628,110,1
628,115,1
628,124,1
628,125,1
628,126,1
628,130,1
628,132,1
628,140,1
628,143,1
628,149,1
628,158,1
628,161,1
628,164,1
628,174,1
628,177,1
628,210,1
628,213,1
628,220,1
628,222,1
628,228,1
628,236,1
628,272,1
628,318,1
628,328,1
628,333,1
628,349,1
628,354,1
628,357,1
628,374,1
630,2,1
630,3,1
630,5,1
630,9,1
630,14,1
630,40,1
630,43,1
630,46,1
630,48,1
630,50,1
630,59,1
630,60,1
630,67,1
630,105,1
630,115,1
630,132,1
630,135,1
630,209,1
630,241,1
630,353,1
631,9,1
632,2,1
632,3,1
632,5,1
632,9,1
632,14,1
632,16,1
632,20,1
632,31,1
632,34,1
632,35,1
632,40,1
632,44,1
632,59,1
632,92,1
632,126,1
632,329,1
633,3,1
633,4,1
633,6,1
633,9,1
633,12,1
633,14,1
633,16,1
633,17,1
633,32,1
633,34,1
633,40,1
633,41,1
633,46,1
633,47,1
633,58,1
633,67,1
633,68,1
633,101,1
633,105,1
633,112,1
633,138,1
633,161,1
633,183,1
634,6,1
634,9,1
634,101,1
636,5,1
636,8,1
636,9,1
636,14,1
636,35,1
636,50,1
636,67,1
636,105,1
637,3,1
637,6,1
637,34,1
637,40,1
637,67,1
638,2,1
638,6,1
638,34,1
639,3,1
639,6,1
639,12,1
639,14,1
639,28,1
639,46,1
639,58,1
639,90,1
640,9,1
640,63,1
640,142,1
641,55,1
642,5,1
642,9,1
642,14,1
642,27,1
642,35,1
642,46,1
642,47,1
642,65,1
642,67,1
642,101,1
642,246,1
642,330,1
643,3,1
643,5,1
643,6,1
643,9,1
643,12,1
643,28,1
643,31,1
643,46,1
643,48,1
643,50,1
643,56,1
643,64,1
643,66,1
643,91,1
643,96,1
643,105,1
643,126,1
644,2,1
644,3,1
644,5,1
644,6,1
644,7,1
644,8,1
644,9,1
644,12,1
644,14,1
644,16,1
644,18,1
644,19,1
644,20,1
644,21,1
644,27,1
644,31,1
644,34,1
644,35,1
644,39,1
644,40,1
644,43,1
644,46,1
644,51,1
644,55,1
644,56,1
644,60,1
644,91,1
644,92,1
644,118,1
644,120,1
644,139,1
644,161,1
644,163,1
644,166,1
644,282,1
644,325,1
644,340,1
644,360,1
645,5,1
646,3,1
646,5,1
646,9,1
646,14,1
646,16,1
646,23,1
646,27,1
646,34,1
646,35,1
646,37,1
646,40,1
646,41,1
646,46,1
646,48,1
646,50,1
646,58,1
646,60,1
646,65,1
646,67,1
646,68,1
646,86,1
646,97,1
646,156,1
646,158,1
646,171,1
646,172,1
646,185,1
646,214,1
647,3,1
648,3,1
648,6,1
648,14,1
648,31,1
648,59,1
648,63,1
648,103,1
648,297,1
650,3,1
650,4,1
650,5,1
650,6,1
650,9,1
650,11,1
650,18,1
650,20,1
650,22,1
650,27,1
650,31,1
650,32,1
650,40,1
650,46,1
650,47,1
650,51,1
650,54,1
650,64,1
650,68,1
650,74,1
650,79,1
650,81,1
650,85,1
650,90,1
650,101,1
650,105,1
650,123,1
650,126,1
650,136,1
650,158,1
650,223,1
650,241,1
650,330,1
651,2,1
651,3,1
651,5,1
651,6,1
651,8,1
651,9,1
651,12,1
651,14,1
651,16,1
651,18,1
651,20,1
651,21,1
651,23,1
651,31,1
651,34,1
651,35,1
651,39,1
651,40,1
651,43,1
651,46,1
651,56,1
651,60,1
651,65,1
651,86,1
651,91,1
651,92,1
651,120,1
651,139,1
651,161,1
651,168,1
651,228,1
651,241,1
651,325,1
651,328,1
652,2,1
652,3,1
652,4,1
652,5,1
652,6,1
652,10,1
652,13,1
652,20,1
652,31,1
652,40,1
652,46,1
652,47,1
652,50,1
652,55,1
652,92,1
652,98,1
652,151,1
652,158,1
652,171,1
652,183,1
653,2,1
653,3,1
653,5,1
653,6,1
653,9,1
653,11,1
653,14,1
653,23,1
653,31,1
653,32,1
653,34,1
653,40,1
653,46,1
653,53,1
653,54,1
653,55,1
653,58,1
653,64,1
653,81,1
653,93,1
653,102,1
653,222,1
653,338,1
654,2,1
654,3,1
654,5,1
654,6,1
654,9,1
654,10,1
654,16,1
654,20,1
654,29,1
654,31,1
654,34,1
654,40,1
654,46,1
654,48,1
654,54,1
654,59,1
654,60,1
654,67,1
654,86,1
654,90,1
654,101,1
654,105,1
654,115,1
654,158,1
654,183,1
654,212,1
654,222,1
655,1,1
655,3,1
655,6,1
655,9,1
655,20,1
655,23,1
655,31,1
655,34,1
655,43,1
655,58,1
655,66,1
655,81,1
655,100,1
656,3,1
656,5,1
656,6,1
656,9,1
656,12,1
656,14,1
656,20,1
656,23,1
656,27,1
656,31,1
656,37,1
656,46,1
656,48,1
656,57,1
656,63,1
656,67,1
656,88,1
656,89,1
656,91,1
656,162,1
656,167,1
656,173,1
656,300,1
656,303,1
657,1,1
657,18,1
657,212,1
657,346,1
659,5,1
659,6,1
659,9,1
659,32,1
659,34,1
659,40,1
659,46,1
659,67,1
659,124,1
659,132,1
660,2,1
660,3,1
660,5,1
660,6,1
660,8,1
660,9,1
660,12,1
660,14,1
660,16,1
660,18,1
660,19,1
660,20,1
660,21,1
660,27,1
660,31,1
660,34,1
660,39,1
660,40,1
660,46,1
660,47,1
660,54,1
660,56,1
660,58,1
660,59,1
660,60,1
660,61,1
660,66,1
660,67,1
660,85,1
660,86,1
660,90,1
660,92,1
660,101,1
660,105,1
660,113,1
660,120,1
660,144,1
660,161,1
660,325,1
660,326,1
662,2,1
662,3,1
662,9,1
662,11,1
662,14,1
662,20,1
662,31,1
662,35,1
662,40,1
662,46,1
662,48,1
662,67,1
662,105,1
662,153,1
662,158,1
662,187,1
663,3,1
663,4,1
663,5,1
663,20,1
663,27,1
663,37,1
663,46,1
663,59,1
663,62,1
663,67,1
663,139,1
663,158,1
663,182,1
663,241,1
663,252,1
663,289,1
664,9,1
664,49,1
664,67,1
666,67,1
667,3,1
667,6,1
667,91,1
667,113,1
667,192,1
668,1,1
668,2,1
668,3,1
668,4,1
668,5,1
668,6,1
668,8,1
668,9,1
668,13,1
668,14,1
668,16,1
668,17,1
668,18,1
668,20,1
668,21,1
668,27,1
668,31,1
668,32,1
668,33,1
668,34,1
668,35,1
668,37,1
668,38,1
668,40,1
668,41,1
668,42,1
668,43,1
668,44,1
668,46,1
668,47,1
668,48,1
668,49,1
668,50,1
668,54,1
668,55,1
668,56,1
668,58,1
668,60,1
668,63,1
668,64,1
668,66,1
668,67,1
668,68,1
668,77,1
668,86,1
668,89,1
668,93,1
668,95,1
668,102,1
668,103,1
668,105,1
668,107,1
668,109,1
668,110,1
668,113,1
668,117,1
668,124,1
668,125,1
668,126,1
668,135,1
668,137,1
668,139,1
668,142,1
668,146,1
668,150,1
668,151,1
668,154,1
668,158,1
668,160,1
668,161,1
668,165,1
668,178,1
668,182,1
668,183,1
668,203,1
668,206,1
668,209,1
668,210,1
668,211,1
668,213,1
668,214,1
668,235,1
668,241,1
668,242,1
668,284,1
668,330,1
668,344,1
669,5,1
669,6,1
669,9,1
669,109,1
669,277,1
670,3,1
670,5,1
670,9,1
670,13,1
670,14,1
670,27,1
670,28,1
670,31,1
670,32,1
670,35,1
670,40,1
670,44,1
670,46,1
670,59,1
670,63,1
670,66,1
670,67,1
670,68,1
670,86,1
670,236,1
670,329,1
671,92,1
672,361,1
673,11,1
673,67,1
673,76,1
673,94,1
673,142,1
674,1,1
674,2,1
674,3,1
674,4,1
674,5,1
674,6,1
674,9,1
674,11,1
674,13,1
674,14,1
674,16,1
674,20,1
674,33,1
674,34,1
674,35,1
674,40,1
674,41,1
674,42,1
674,44,1
674,50,1
674,51,1
674,54,1
674,55,1
674,60,1
674,64,1
674,83,1
674,91,1
674,105,1
674,107,1
674,125,1
674,142,1
674,150,1
674,154,1
674,158,1
674,183,1
674,210,1
674,211,1
674,277,1
674,284,1
674,328,1
675,3,1
675,4,1
675,5,1
675,6,1
675,9,1
675,10,1
675,11,1
675,14,1
675,16,1
675,20,1
675,29,1
675,34,1
675,35,1
675,46,1
675,50,1
675,59,1
675,68,1
675,92,1
675,124,1
675,126,1
675,158,1
675,161,1
675,330,1
675,335,1
676,3,1
676,5,1
676,6,1
676,8,1
676,9,1
676,14,1
676,25,1
676,31,1
676,34,1
676,35,1
676,46,1
676,48,1
676,60,1
676,67,1
676,68,1
676,91,1
676,94,1
676,107,1
676,115,1
676,125,1
676,132,1
676,142,1
676,153,1
676,158,1
676,223,1
676,283,1
677,3,1
677,11,1
677,66,1
677,85,1
677,203,1
678,5,1
678,6,1
678,9,1
678,16,1
678,31,1
678,46,1
678,62,1
678,64,1
678,66,1
678,67,1
678,118,1
678,158,1
679,40,1
679,46,1
679,48,1
679,132,1
681,3,1
681,5,1
681,6,1
681,9,1
681,23,1
681,34,1
681,40,1
681,46,1
681,64,1
681,76,1
681,93,1
681,105,1
681,177,1
682,64,1
683,59,1
685,46,1
685,58,1
685,67,1
686,2,1
686,3,1
686,5,1
686,6,1
686,9,1
686,12,1
686,14,1
686,27,1
686,34,1
686,40,1
686,46,1
686,48,1
686,55,1
686,67,1
686,68,1
686,86,1
686,89,1
686,92,1
686,105,1
686,125,1
686,145,1
686,183,1
686,217,1
686,336,1
688,3,1
688,5,1
688,6,1
688,9,1
688,27,1
688,32,1
688,37,1
688,40,1
688,46,1
688,49,1
688,50,1
688,56,1
688,64,1
688,75,1
688,83,1
688,100,1
688,105,1
688,116,1
688,117,1
688,118,1
688,188,1
688,261,1
689,32,1
690,2,1
690,3,1
690,5,1
690,6,1
690,9,1
690,11,1
690,14,1
690,19,1
690,20,1
690,27,1
690,32,1
690,34,1
690,35,1
690,39,1
690,40,1
690,41,1
690,46,1
690,48,1
690,49,1
690,50,1
690,54,1
690,59,1
690,67,1
690,84,1
690,86,1
690,94,1
690,105,1
690,108,1
690,115,1
690,126,1
690,145,1
690,161,1
690,165,1
690,194,1
690,209,1
690,241,1
692,3,1
692,5,1
692,6,1
692,9,1
692,11,1
692,40,1
692,81,1
692,83,1
692,93,1
692,151,1
693,2,1
693,3,1
693,4,1
693,5,1
693,6,1
693,8,1
693,9,1
693,11,1
693,12,1
693,14,1
693,16,1
693,18,1
693,19,1
693,20,1
693,21,1
693,22,1
693,27,1
693,31,1
693,34,1
693,35,1
693,38,1
693,39,1
693,40,1
693,43,1
693,46,1
693,47,1
693,49,1
693,53,1
693,54,1
693,55,1
693,56,1
693,60,1
693,62,1
693,63,1
693,66,1
693,67,1
693,91,1
693,92,1
693,101,1
693,110,1
693,115,1
693,120,1
693,139,1
693,144,1
693,156,1
693,161,1
693,183,1
693,206,1
693,209,1
693,289,1
693,325,1
693,337,1
693,339,1
693,360,1
694,2,1
694,3,1
694,4,1
694,5,1
694,6,1
694,9,1
694,10,1
694,11,1
694,12,1
694,13,1
694,14,1
694,15,1
694,16,1
694,18,1
694,20,1
694,21,1
694,27,1
694,28,1
694,29,1
694,31,1
694,32,1
694,34,1
694,35,1
694,37,1
694,40,1
694,43,1
694,46,1
694,48,1
694,49,1
694,50,1
694,51,1
694,54,1
694,55,1
694,56,1
694,57,1
694,58,1
694,60,1
694,63,1
694,64,1
694,65,1
694,66,1
694,67,1
694,76,1
694,83,1
694,86,1
694,91,1
694,92,1
694,98,1
694,102,1
694,104,1
694,105,1
694,111,1
694,113,1
694,119,1
694,123,1
694,124,1
694,130,1
694,131,1
694,132,1
694,137,1
694,144,1
694,145,1
694,158,1
694,161,1
694,183,1
694,185,1
694,188,1
694,194,1
694,195,1
694,223,1
694,228,1
694,231,1
694,235,1
694,239,1
694,247,1
694,264,1
694,268,1
694,270,1
694,333,1
694,369,1
696,6,1
697,3,1
697,9,1
697,12,1
697,14,1
697,58,1
697,264,1
698,3,1
698,6,1
698,9,1
698,14,1
698,20,1
698,31,1
698,35,1
698,40,1
698,67,1
698,98,1
698,185,1
698,187,1
698,241,1
701,3,1
701,4,1
701,5,1
701,6,1
701,9,1
701,11,1
701,12,1
701,14,1
701,19,1
701,20,1
701,29,1
701,30,1
701,31,1
701,34,1
701,40,1
701,46,1
701,48,1
701,50,1
701,53,1
701,56,1
701,59,1
701,60,1
701,67,1
701,75,1
701,77,1
701,89,1
701,91,1
701,92,1
701,101,1
701,105,1
701,109,1
701,126,1
701,132,1
701,158,1
701,161,1
701,162,1
701,183,1
701,222,1
701,230,1
701,235,1
701,240,1
701,246,1
701,324,1
701,337,1
701,365,1
702,31,1
702,60,1
702,88,1
703,9,1
704,1,1
704,2,1
704,3,1
704,6,1
704,8,1
704,9,1
704,11,1
704,14,1
704,20,1
704,27,1
704,31,1
704,34,1
704,35,1
704,43,1
704,44,1
704,47,1
704,48,1
704,51,1
704,54,1
704,55,1
704,58,1
704,60,1
704,64,1
704,67,1
704,68,1
704,86,1
704,87,1
704,88,1
704,91,1
704,101,1
704,105,1
704,110,1
704,124,1
704,126,1
704,151,1
704,158,1
704,168,1
704,178,1
704,183,1
704,223,1
704,228,1
704,232,1
704,235,1
704,236,1
704,282,1
705,359,1
706,50,1
706,348,1
707,1,1
707,2,1
707,3,1
707,6,1
707,9,1
707,14,1
707,20,1
707,41,1
707,58,1
707,67,1
707,126,1
707,171,1
707,183,1
707,277,1
707,282,1
709,14,1
709,223,1
710,31,1
710,46,1
711,91,1
712,3,1
712,6,1
712,9,1
712,14,1
712,20,1
712,27,1
712,31,1
712,32,1
712,35,1
712,37,1
712,40,1
712,46,1
712,57,1
712,58,1
712,67,1
712,80,1
712,90,1
712,105,1
712,110,1
712,132,1
712,145,1
712,172,1
712,206,1
712,226,1
712,234,1
712,291,1
713,1,1
713,2,1
713,3,1
713,5,1
713,9,1
713,10,1
713,16,1
713,31,1
713,32,1
713,34,1
713,35,1
713,41,1
713,50,1
713,54,1
713,55,1
713,60,1
713,67,1
713,105,1
713,115,1
713,161,1
713,189,1
713,194,1
713,223,1
714,5,1
714,127,1
715,34,1
716,2,1
716,3,1
716,4,1
716,5,1
716,6,1
716,9,1
716,10,1
716,14,1
716,16,1
716,21,1
716,23,1
716,27,1
716,28,1
716,31,1
716,32,1
716,34,1
716,35,1
716,39,1
716,46,1
716,48,1
716,54,1
716,55,1
716,56,1
716,58,1
716,61,1
716,62,1
716,64,1
716,65,1
716,67,1
716,80,1
716,86,1
716,88,1
716,93,1
716,101,1
716,105,1
716,110,1
716,112,1
716,115,1
716,126,1
716,132,1
716,139,1
716,154,1
716,172,1
716,188,1
716,206,1
716,222,1
716,225,1
716,234,1
717,105,1
717,116,1
718,3,1
718,6,1
718,9,1
718,12,1
718,16,1
718,27,1
718,32,1
718,37,1
718,40,1
718,46,1
718,47,1
718,62,1
718,67,1
718,77,1
718,105,1
718,113,1
718,126,1
719,2,1
719,3,1
719,4,1
719,5,1
719,6,1
719,9,1
719,14,1
719,16,1
719,20,1
719,28,1
719,32,1
719,34,1
719,35,1
719,37,1
719,40,1
719,46,1
719,47,1
719,48,1
719,49,1
719,50,1
719,58,1
719,66,1
719,67,1
719,75,1
719,77,1
719,80,1
719,89,1
719,90,1
719,91,1
719,92,1
719,105,1
719,107,1
719,113,1
719,123,1
719,132,1
719,157,1
719,166,1
719,214,1
719,222,1
719,223,1
719,234,1
719,278,1
719,290,1
719,311,1
720,2,1
720,6,1
720,9,1
720,12,1
720,28,1
720,32,1
720,34,1
720,43,1
720,46,1
720,47,1
720,48,1
720,66,1
720,67,1
720,68,1
720,90,1
720,100,1
720,113,1
720,123,1
720,126,1
720,132,1
720,148,1
720,158,1
720,172,1
720,240,1
720,252,1
720,357,1
721,3,1
721,101,1
721,183,1
722,31,1
723,9,1
724,3,1
724,6,1
724,9,1
724,14,1
724,20,1
724,46,1
724,130,1
724,165,1
725,1,1
725,3,1
725,5,1
725,9,1
725,13,1
725,14,1
725,16,1
725,24,1
725,27,1
725,31,1
725,37,1
725,38,1
725,40,1
725,45,1
725,46,1
725,47,1
725,51,1
725,54,1
725,55,1
725,58,1
725,59,1
725,60,1
725,83,1
725,84,1
725,88,1
725,89,1
725,95,1
725,105,1
725,157,1
725,172,1
725,194,1
725,329,1
726,9,1
726,31,1
726,67,1
727,9,1
728,6,1
728,9,1
729,5,1
729,58,1
730,1,1
730,3,1
730,6,1
730,9,1
730,10,1
730,12,1
730,14,1
730,20,1
730,34,1
730,38,1
730,40,1
730,41,1
730,46,1
730,47,1
730,50,1
730,56,1
730,125,1
730,146,1
730,161,1
730,223,1
730,270,1
731,31,1
732,3,1
732,5,1
732,9,1
732,16,1
732,32,1
732,35,1
732,40,1
732,59,1
732,241,1
733,3,1
733,5,1
733,6,1
733,32,1
733,34,1
733,66,1
733,88,1
733,105,1
733,108,1
734,3,1
734,6,1
734,9,1
734,102,1
734,124,1
735,6,1
735,23,1
735,153,1
736,40,1
737,9,1
737,10,1
737,23,1
737,35,1
737,40,1
737,49,1
737,54,1
737,65,1
737,105,1
737,108,1
737,111,1
737,118,1
737,126,1
737,149,1
737,165,1
738,1,1
738,2,1
738,3,1
738,4,1
738,5,1
738,6,1
738,7,1
738,9,1
738,12,1
738,14,1
738,16,1
738,27,1
738,31,1
738,32,1
738,34,1
738,35,1
738,37,1
738,41,1
738,46,1
738,47,1
738,49,1
738,54,1
738,55,1
738,58,1
738,64,1
738,66,1
738,67,1
738,75,1
738,83,1
738,88,1
738,91,1
738,93,1
738,103,1
738,105,1
738,107,1
738,108,1
738,114,1
738,127,1
738,132,1
738,150,1
738,154,1
738,172,1
738,173,1
738,194,1
738,225,1
738,272,1
738,317,1
738,330,1
738,360,1
739,126,1
740,5,1
740,9,1
740,40,1
740,41,1
740,56,1
740,67,1
740,101,1
740,158,1
740,183,1
741,4,1
741,5,1
741,9,1
741,11,1
741,14,1
741,18,1
741,20,1
741,31,1
741,41,1
741,46,1
741,50,1
741,67,1
741,154,1
741,183,1
741,222,1
742,6,1
743,46,1
745,2,1
745,3,1
745,5,1
745,6,1
745,9,1
745,11,1
745,14,1
745,20,1
745,29,1
745,30,1
745,31,1
745,32,1
745,34,1
745,37,1
745,39,1
745,41,1
745,46,1
745,47,1
745,48,1
745,50,1
745,56,1
745,58,1
745,60,1
745,61,1
745,66,1
745,67,1
745,68,1
745,77,1
745,86,1
745,88,1
745,89,1
745,91,1
745,92,1
745,101,1
745,104,1
745,112,1
745,115,1
745,182,1
745,183,1
745,188,1
745,212,1
745,228,1
745,231,1
745,264,1
745,282,1
745,337,1
745,363,1
745,365,1
746,3,1
746,9,1
746,14,1
747,20,1
748,3,1
748,5,1
748,6,1
748,9,1
748,14,1
748,16,1
748,20,1
748,27,1
748,28,1
748,35,1
748,46,1
748,59,1
748,67,1
748,158,1
748,161,1
748,174,1
748,230,1
748,272,1
749,3,1
749,5,1
749,6,1
749,9,1
749,10,1
749,35,1
749,39,1
749,40,1
749,48,1
749,49,1
749,54,1
749,64,1
749,86,1
749,92,1
749,106,1
749,126,1
749,141,1
749,165,1
750,2,1
750,3,1
750,5,1
750,6,1
750,9,1
750,14,1
750,31,1
750,34,1
750,40,1
750,60,1
750,67,1
750,88,1
750,115,1
751,6,1
751,9,1
751,23,1
751,40,1
751,115,1
753,1,1
753,2,1
753,3,1
753,4,1
753,5,1
753,6,1
753,9,1
753,14,1
753,16,1
753,19,1
753,21,1
753,27,1
753,31,1
753,32,1
753,34,1
753,35,1
753,40,1
753,41,1
753,46,1
753,48,1
753,55,1
753,56,1
753,60,1
753,66,1
753,67,1
753,76,1
753,89,1
753,93,1
753,105,1
753,108,1
753,113,1
753,124,1
753,146,1
753,158,1
753,161,1
753,164,1
753,217,1
753,235,1
754,3,1
754,5,1
754,9,1
754,14,1
754,16,1
754,18,1
754,27,1
754,31,1
754,32,1
754,35,1
754,39,1
754,46,1
754,47,1
754,48,1
754,49,1
754,54,1
754,60,1
754,64,1
754,67,1
754,86,1
754,90,1
754,91,1
754,106,1
754,118,1
754,130,1
754,132,1
754,161,1
754,325,1
755,2,1
755,3,1
755,5,1
755,6,1
755,9,1
755,10,1
755,12,1
755,14,1
755,20,1
755,29,1
755,32,1
755,34,1
755,35,1
755,37,1
755,43,1
755,46,1
755,48,1
755,50,1
755,55,1
755,57,1
755,60,1
755,61,1
755,62,1
755,67,1
755,68,1
755,77,1
755,85,1
755,86,1
755,89,1
755,91,1
755,95,1
755,104,1
755,105,1
755,116,1
755,121,1
755,126,1
755,135,1
755,161,1
755,183,1
755,185,1
755,223,1
755,228,1
755,363,1
756,9,1
758,9,1
760,2,1
760,3,1
760,5,1
760,9,1
760,14,1
760,16,1
760,20,1
760,34,1
760,35,1
760,40,1
760,44,1
760,59,1
760,60,1
760,92,1
760,126,1
760,329,1
761,119,1
762,3,1
762,6,1
762,9,1
762,40,1
762,41,1
762,61,1
762,319,1
763,2,1
763,31,1
763,40,1
763,63,1
763,67,1
763,105,1
764,31,1
765,1,1
765,3,1
765,5,1
765,6,1
765,7,1
765,9,1
765,16,1
765,18,1
765,22,1
765,27,1
765,28,1
765,31,1
765,34,1
765,35,1
765,37,1
765,40,1
765,41,1
765,46,1
765,47,1
765,55,1
765,59,1
765,61,1
765,66,1
765,67,1
765,80,1
765,85,1
765,90,1
765,91,1
765,93,1
765,101,1
765,104,1
765,107,1
765,110,1
765,119,1
765,156,1
765,259,1
765,326,1
765,330,1
766,3,1
766,5,1
766,9,1
766,14,1
766,20,1
767,2,1
767,3,1
767,5,1
767,6,1
767,7,1
767,8,1
767,9,1
767,12,1
767,14,1
767,16,1
767,18,1
767,20,1
767,21,1
767,23,1
767,31,1
767,34,1
767,39,1
767,40,1
767,43,1
767,44,1
767,46,1
767,56,1
767,60,1
767,65,1
767,86,1
767,91,1
767,92,1
767,120,1
767,139,1
767,161,1
767,168,1
767,228,1
767,241,1
767,325,1
767,328,1
768,2,1
768,9,1
768,23,1
769,74,1
770,3,1
770,46,1
770,67,1
770,105,1
772,5,1
773,3,1
773,5,1
773,9,1
773,183,1
774,1,1
774,3,1
774,4,1
774,5,1
774,6,1
774,9,1
774,16,1
774,40,1
774,55,1
774,81,1
774,101,1
774,277,1
775,9,1
775,93,1
776,1,1
776,3,1
776,4,1
776,5,1
776,6,1
776,7,1
776,9,1
776,14,1
776,16,1
776,18,1
776,20,1
776,31,1
776,32,1
776,34,1
776,35,1
776,40,1
776,44,1
776,46,1
776,47,1
776,48,1
776,50,1
776,54,1
776,56,1
776,59,1
776,60,1
776,65,1
776,86,1
776,90,1
776,91,1
776,92,1
776,105,1
776,115,1
776,124,1
776,128,1
776,143,1
776,154,1
776,157,1
776,158,1
776,182,1
776,183,1
776,194,1
776,209,1
776,217,1
776,223,1
776,297,1
776,335,1
776,353,1
776,360,1
777,32,1
777,58,1
777,107,1
777,183,1
777,235,1
778,2,1
778,3,1
778,5,1
778,6,1
778,9,1
778,34,1
778,35,1
778,40,1
778,46,1
778,67,1
778,97,1
778,105,1
778,154,1
778,277,1
779,43,1
779,53,1
779,59,1
781,3,1
781,4,1
781,9,1
781,16,1
781,18,1
781,20,1
781,23,1
781,42,1
781,76,1
781,113,1
781,183,1
781,233,1
781,316,1
782,123,1
783,3,1
785,85,1
785,222,1
785,341,1
786,3,1
786,9,1
786,32,1
786,34,1
786,44,1
786,47,1
786,61,1
786,65,1
786,101,1
786,130,1
787,2,1
787,3,1
787,5,1
787,6,1
787,9,1
787,11,1
787,12,1
787,14,1
787,20,1
787,23,1
787,31,1
787,34,1
787,35,1
787,37,1
787,40,1
787,41,1
787,43,1
787,46,1
787,47,1
787,50,1
787,56,1
787,62,1
787,67,1
787,68,1
787,77,1
787,85,1
787,86,1
787,89,1
787,91,1
787,92,1
787,93,1
787,105,1
787,112,1
787,115,1
787,119,1
787,143,1
787,164,1
787,182,1
787,188,1
787,228,1
787,264,1
787,282,1
787,300,1
787,337,1
787,350,1
788,1,1
788,2,1
788,3,1
788,4,1
788,5,1
788,6,1
788,9,1
788,11,1
788,12,1
788,13,1
788,14,1
788,16,1
788,17,1
788,20,1
788,27,1
788,28,1
788,31,1
788,33,1
788,34,1
788,35,1
788,37,1
788,39,1
788,40,1
788,41,1
788,42,1
788,48,1
788,50,1
788,55,1
788,58,1
788,60,1
788,63,1
788,67,1
788,68,1
788,86,1
788,87,1
788,91,1
788,93,1
788,102,1
788,103,1
788,105,1
788,107,1
788,112,1
788,113,1
788,117,1
788,123,1
788,125,1
788,126,1
788,132,1
788,142,1
788,150,1
788,151,1
788,154,1
788,158,1
788,161,1
788,165,1
788,183,1
788,209,1
788,210,1
788,211,1
788,216,1
788,225,1
788,281,1
788,284,1
788,301,1
788,370,1
